{"category": "10 - Outras Coisas", "link": "https://classificados.inf.ufsc.br/detail.php?id=209154", "date": "2023-09-28", "title": "\nTRABALHOS ACADÊMICOS", "description": "Olá, realizo trabalhos acadêmicos.\r\n-Dissertações\r\n-Teses\r\n-Projetos \r\n-Artigos Científicos\r\nNorma (ABNT)\r\n50% de entrada e 50% na entrega.\n\n", "general_details": {"Vendido por:": "Michele Ribeiro da Rosa", "Email:": "Contatar Vendedor"}, "advertisement_details": {"Preço": "A combinar", "Anúncio nº:": "209154", "Visualizações:": "12", "Anúncio expira:": "07/11/2023 (em 28 dias)", "Adicionado:": "28/09/2023"}}
{"category": " Empregos", "link": "https://classificados.inf.ufsc.br/detail.php?id=209153", "date": "2023-09-28", "title": "\nVaga para atendente de restaurante ", "description": "Função seria de atendimento ao público e delivery\n\r\nHorário seria das 17h as 23h terça a domingo folga toda segunda e utimo domingo do mês \n\r\nSalário R$ 1.423,64 × 20% = R$ 284,73 (Valor do Adicional de Quebra de caixa)\n\r\nMorar próximo da Ufsc (Pantanal)\n\r\nTer experiência comprovada\n\r\nEnsino médio completo\n\r\nAtividades principais:\r\nOrganizar Embalagem \r\nConferir e embalar pedidos\r\nOrganização e limpeza do local de atendimento\n\r\nEnviar o currículo: 48 992101760\n", "general_details": {"Vendido por:": "Alysson Pedro de Aguiar", "Email:": "alysson_aguiar@hotmail.com"}, "advertisement_details": {"Anúncio nº:": "209153", "Visualizações:": "75", "Anúncio expira:": "28/10/2023 (em 17 dias)", "Adicionado:": "28/09/2023"}}
{"category": "Ofertas de Quartos/Vagas - Outros Bairros", "link": "https://classificados.inf.ufsc.br/detail.php?id=209152", "date": "2023-09-28", "title": "\nQuarto mensal em casa a 250m da praia Barra da ...", "description": "São dois quartos vagos para aluguel em uma casa aconchegante e espaçosa. \r\nPróximo ao projeto TAMAR e uma das melhores praias da ilha.\n\r\nQuarto 1 com cama de casal, ventilador de teto, 2 janelas, mesa e 2 beliches por 1700 reais por mês.\n\r\nQuarto 2 com cama de casal, ventilador de teto, 2 janelas, e 1 beliche por 1500 reais por mês.\n\r\n2 banheiros completos, um no térreo e outro ao lado dos quartos.\n\r\nUma sala de TV (50 pol) com 2 sofas, uma sala de estar com 2 sofas, uma sala de jantar com mesa para 6, cozinha completa, lavanderia, churrasqueira coberta com mesa para até 8 e um belo jardim nos fundos.\n\r\nwifi fibra de cortesia, água e eletricidade rateada.\n\r\nCâmeras de segurança 24h.\n\r\nAceita pet do bem.\n\r\nEntrada imediata. \r\nSaída 25/12/2023. \n\r\nwhats 48988693665.", "general_details": {"Vendido por:": "Adailton Pickler", "Email:": "adailtonpickler@gmail.com"}, "advertisement_details": {"Logradouro, nº": "Rua Elke Hering 190", "Bairro": "Barra da Lagoa", "Cidade": "Floripa", "Gênero": "Masculino, Feminino", "Preço": "1500", "Lavanderia disponível?": "sim", "Conexão c/Internet?": "sim", "Permitido animais?": "sim", "Anúncio nº:": "209152", "Visualizações:": "91", "Anúncio expira:": "28/10/2023 (em 17 dias)", "Adicionado:": "28/09/2023"}}
{"category": "Aptos Ofertados pelo Proprietário para Aluguel", "link": "https://classificados.inf.ufsc.br/detail.php?id=209151", "date": "2023-09-28", "title": "\nApto Mobiliado para casal Agronômica ", "description": "Apto para casal em residencial familiar.\r\nSão 4 cômodos com mobília.\r\nCozinha, quarto, sala e banheiro.\r\nEstão inclusos no valor taxas de:\r\nLuz, água e esgoto, iptu e coleta de lixo.\r\nNão tem conexão de internet mas pode ser solicitado com operada da preferência.\r\nPróximo a supermercado, farmácia, academia e direto do campo.\n\r\nNão permitido pets\r\nNão fumantes\n\r\nLocalizada na Rua Dialtino Antônio Cabral 338 Agrônomica \r\nContato: Luzia (48)99653.0397", "general_details": {"Vendido por:": "Luísa Greggio da Silva", "Email:": "Contatar Vendedor"}, "advertisement_details": {"Logradouro, nº": "Rua Dialtino Antônio Cabral 338", "Bairro": "Agronômica", "Cidade": "Florianópolis", "Preço": "1.600", "Água, cond. e IPTU inclusos?": "SIM", "Lavanderia disponível?": "SIM *SEM MÁQUINA*", "Conexão c/Internet?": "NÃO", "Permitido animais?": "NÃO", "Anúncio nº:": "209151", "Visualizações:": "438", "Anúncio expira:": "13/10/2023 (em 2 dias)", "Adicionado:": "28/09/2023"}}
{"category": " Serviços para Eventos", "link": "https://classificados.inf.ufsc.br/detail.php?id=209150", "date": "2023-09-28", "title": "\nOrganizo sua banca de qualificação/defesa", "description": "Faça da sua banca de qualificação ou defesa um evento inesquecível!\n\r\nEnquanto você se preocupa com seus compromissos acadêmicos, nossa equipe prepara todos os detalhes para o coffee break, desde o fornecimento de doces, salgados, tortas até o serviço de suporte a você, acadêmico!\n\r\nEntre em contato e solicite orçamento pelo whatsapp (48) 99122-1321", "general_details": {"Vendido por:": "Cheryl Maureen Daehn", "Email:": "Contatar Vendedor"}, "advertisement_details": {"Anúncio nº:": "209150", "Visualizações:": "26", "Anúncio expira:": "28/10/2023 (em 17 dias)", "Adicionado:": "28/09/2023"}}
{"category": "Kitnets ofertadas pelo proprietário para Aluguel", "link": "https://classificados.inf.ufsc.br/detail.php?id=209148", "date": "2023-09-28", "title": "\nKITNET PRÓXIMA DA UFSC ", "description": "Alugo kitnet para estudantes e pessoas simpáticas que trabalham perto, toda mobiliada, espaço para até três pessoas.\r\nO aluguel é 1,300 + agua e luz\r\nPara alugar é necessário caução no mesmo valor do aluguel, que pode ser dividido em até duas vezes e será devolvido no final do contrato; mínimo de seis meses.\r\nIncluso internet e lavanderia coletiva, IPTU e taxa de coleta de lixo.\n\r\nÓtima localização próximo de padarias, farmácia, bares, ponto de ônibus, posto de gasolina 24h e UPA. 15min do Pocinho do Pantanal abaixo do Poção do córrego.\n\r\nEntrada com chave no portão.\n\r\nLocal seguro, tranquilo e silencioso.\n\r\nObs: não aceita fumante, pets ou criança\n\r\nCntt: +5547988448968\n\r\nhttps://wa.me/+5547988448968", "general_details": {"Vendido por:": "Leticia de Araujo Fernandes", "Email:": "Contatar Vendedor"}, "advertisement_details": {"Logradouro, nº": "Rua Maria Eduarda, 468", "Bairro": "Pantanal", "Cidade": "Florianópolis", "Preço": "1300 + agua e luz", "Água, cond. e IPTU inclusos?": "sim", "Lavanderia disponível?": "sim", "Conexão c/Internet?": "sim", "Permitido animais?": "não", "Anúncio nº:": "209148", "Visualizações:": "615", "Anúncio expira:": "28/10/2023 (em 17 dias)", "Adicionado:": "28/09/2023"}}
{"category": " Ofertas de Quartos/Vagas - Trindade", "link": "https://classificados.inf.ufsc.br/detail.php?id=209133", "date": "2023-09-28", "title": "\nQuarto com todas as contas incluídas ", "description": "VAGA em apartamento na TRINDADE/UFSC.\n\r\nQUARTO AMPLO/AREJADO: Vaga em apartamento completo e todo equipado em condomínio seguro com tudo próximo e acesso fácil ao TITRI (8 minutos a pé), UFSC (15 minutos a pé), próximo a mercados, restaurantes, lanchonetes, farmácias, banco, comércio em geral, posto de saúde, supermercados e shopping Villa Romana.\n\r\nO valor de R$1390,00 inclui as contas (aluguel, condomínio, iptu, água, internet, gás e energia elétrica) e faxineira a cada 15 dias. Você irá dividir o imóvel apenas comigo.\n\r\nO quarto está mobiliado com uma cama de casal e uma arara para roupas. Outros itens podem ser adicionados dependendo da necessidade.\n\r\nTenho 38 anos, trabalho e faço pós graduação. Como pessoa tranquila, passo grande parte do meu tempo em casa, já que meu trabalho é remoto. Busco um morador responsável, organizado e que também aprecie a companhia de animais, pois tenho um adorável gatinho de estimação.\n\r\nEntrada imediata com pagamento de 1 aluguel de caução.\n\r\nPara maiores informações entre em contato pelo Whatsapp (48)98484-2881.\n", "general_details": {"Vendido por:": "Daniela de Andrade Rosa", "Email:": "Contatar Vendedor"}, "advertisement_details": {"Logradouro, nº": "Rua Europa", "Gênero": "Masculino, Feminino", "Preço": "1390", "Anúncio nº:": "209133", "Visualizações:": "105", "Anúncio expira:": "12/11/2023 (em 32 dias)", "Adicionado:": "28/09/2023"}}
