{"category": "Aulas Particulares Línguas - Italiano", "link": "https://classificados.inf.ufsc.br/detail.php?id=208666", "date": "2023-08-29", "title": "\nAulas particulares de italiano", "description": "Doutora em Estudos da Tradução pela UFSC, tradutora há mais de 20 anos e professora de italiano, dou aulas de italiano preferencialmente online. Preparação para exames de proficiência. Morei 7 anos na Itália e conheço bem as dificuldades típicas dos brasileiros no aprendizado da língua. Entre em contato para mais informações. Email: adrianaikawa@gmail.com ou whats 48 99970-0675 ", "general_details": {"Vendido por:": "Adriana Aikawa da Silveira Andrade", "Email:": "Contatar Vendedor"}, "advertisement_details": {"Anúncio nº:": "208666", "Visualizações:": "20", "Anúncio expira:": "28/10/2023 (em 17 dias)", "Adicionado:": "29/08/2023"}}
