{"category": " Revisões, Digitações e Traduções de Textos", "link": "https://classificados.inf.ufsc.br/detail.php?id=209274", "date": "2023-10-18", "title": "\nElaboração e formatação de Artigos, Projeto...", "description": "Presto assessoria acadêmica na elaboração, formatação e correção de artigos, projetos e TCCs: monografia, dissertação, tese entre outros.\n\n\r\nSou PhD, editor e revisor de vários periódicos.\n\r\nAguardo o seu contato!\n\r\nWhatsApp: 48998632061.", "general_details": {"Vendido por:": "Vanderlei Constantino de Souza", "Email:": "Contatar Vendedor"}, "advertisement_details": {"Anúncio nº:": "209274", "Visualizações:": "4", "Anúncio expira:": "17/11/2023 (em 28 dias)", "Adicionado:": "18/10/2023"}}
{"category": " Revisões, Digitações e Traduções de Textos", "link": "https://classificados.inf.ufsc.br/detail.php?id=209273", "date": "2023-10-18", "title": "\nFormatação de TCCs, dissertações, teses, ar...", "description": "Presto assessoria na formatação e correção ortográfica de todos os tipos de trabalhos acadêmicos. Levando em consideração normas da ABNT, APA, Vancouver, Chicago entre outras.\n\r\nSou PhD, editor e revisor de vários periódicos nacionais e internacionais.\n\r\nWhatsApp: 48998632061.", "general_details": {"Vendido por:": "Vanderlei Constantino de Souza", "Email:": "Contatar Vendedor"}, "advertisement_details": {"Anúncio nº:": "209273", "Visualizações:": "1", "Anúncio expira:": "17/11/2023 (em 28 dias)", "Adicionado:": "18/10/2023"}}
{"category": "Outras Peças para Computador", "link": "https://classificados.inf.ufsc.br/detail.php?id=209272", "date": "2023-10-18", "title": "\nSuporte De Monitor Articulado Duplo Grampo Vivo", "description": "Suporte tipo grampo de mesa articulado para dois monitores. Padrão VESA.\n\r\nVeja este e outros produtos em https://bazar.andrecalil.com/nossos-produtos\n", "general_details": {"Vendido por:": "André Luiz Calil Roslindo", "Email:": "andre@calil.com.br"}, "advertisement_details": {"Preço": "179", "Anúncio nº:": "209272", "Visualizações:": "16", "Anúncio expira:": "17/11/2023 (em 28 dias)", "Adicionado:": "18/10/2023"}}
{"category": "Outras Peças para Computador", "link": "https://classificados.inf.ufsc.br/detail.php?id=209271", "date": "2023-10-18", "title": "\nMouse Sem Fio Logitech Mx Master 3", "description": "Mouse MX Master 3, preto. Usado por alguns meses.\r\nAcompanha dongle USB.\n\r\nVeja este e outros produtos em https://bazar.andrecalil.com/nossos-produtos\n", "general_details": {"Vendido por:": "André Luiz Calil Roslindo", "Email:": "andre@calil.com.br"}, "advertisement_details": {"Preço": "399", "Anúncio nº:": "209271", "Visualizações:": "17", "Anúncio expira:": "17/11/2023 (em 28 dias)", "Adicionado:": "18/10/2023"}}
{"category": "Outras Peças para Computador", "link": "https://classificados.inf.ufsc.br/detail.php?id=209270", "date": "2023-10-18", "title": "\nTeclado Gamer Bluetooth Logitech G915 Tkl", "description": "Teclado Logitech G915 TKL. RGB, Switch linear.\r\nLayout ISO (internacional).\r\nAcompanha dongle USB.\n\r\nVeja este e outros produtos em https://bazar.andrecalil.com/nossos-produtos\n", "general_details": {"Vendido por:": "André Luiz Calil Roslindo", "Email:": "andre@calil.com.br"}, "advertisement_details": {"Preço": "599", "Anúncio nº:": "209270", "Visualizações:": "9", "Anúncio expira:": "17/11/2023 (em 28 dias)", "Adicionado:": "18/10/2023"}}
{"category": " Bolsas, pastas, mochilas e similares", "link": "https://classificados.inf.ufsc.br/detail.php?id=209269", "date": "2023-10-18", "title": "\nWotancraft Scout Daily/camera Bag 9l", "description": "Bolsa tipo mensageiro (lateral) em waxed canvas. É fotográfica, mas pode ser usada para outras finalidades, inclusive escritório.\n\r\nUsada pouquíssimas vezes.\n\r\nMais informações em:\r\nhttps://www.wotancraft.tw/en/product/new-scout-black-leather-black-canvas\n\r\nVeja este e outros produtos em https://bazar.andrecalil.com/nossos-produtos\n", "general_details": {"Vendido por:": "André Luiz Calil Roslindo", "Email:": "andre@calil.com.br"}, "advertisement_details": {"Preço": "999", "Anúncio nº:": "209269", "Visualizações:": "7", "Anúncio expira:": "17/11/2023 (em 28 dias)", "Adicionado:": "18/10/2023"}}
{"category": " Bolsas, pastas, mochilas e similares", "link": "https://classificados.inf.ufsc.br/detail.php?id=209268", "date": "2023-10-18", "title": "\nCode Of Bell X-pod Sling", "description": "Sling com boa capacidade para o dia a dia. O bolso frontal é expansível.\n\r\nUsada pouquíssimas vezes.\n\r\nMais informações do fabricante:\r\nhttps://www.codeofbell.com/collections/bags/products/x-pod-sling-pack?variant=19284412006513\n\r\nVeja este e outros produtos em https://bazar.andrecalil.com/nossos-produtos\n", "general_details": {"Vendido por:": "André Luiz Calil Roslindo", "Email:": "andre@calil.com.br"}, "advertisement_details": {"Preço": "499", "Anúncio nº:": "209268", "Visualizações:": "6", "Anúncio expira:": "20/11/2023 (em 31 dias)", "Adicionado:": "18/10/2023"}}
{"category": " Bolsas, pastas, mochilas e similares", "link": "https://classificados.inf.ufsc.br/detail.php?id=209267", "date": "2023-10-18", "title": "\nCompagnon Element Sling 18l", "description": "Bolsa tipo sling com grande capacidade. É fotográfica, mas pode ser usada para outras finalidades.\n\r\nUsada pouquíssimas vezes.\n\r\nMais informações do fabricante:\r\nhttps://compagnon-bags.com/en/shop/camera-backpacks/244/element-sling-18l?c=67\n\r\nVeja este e outros produtos em https://bazar.andrecalil.com/nossos-produtos", "general_details": {"Vendido por:": "André Luiz Calil Roslindo", "Email:": "andre@calil.com.br"}, "advertisement_details": {"Preço": "999", "Anúncio nº:": "209267", "Visualizações:": "7", "Anúncio expira:": "17/11/2023 (em 28 dias)", "Adicionado:": "18/10/2023"}}
