{"category": " Equipamentos e Materiais Esportivos", "link": "https://classificados.inf.ufsc.br/detail.php?id=208463", "date": "2023-08-17", "title": "\nSelim Tradicional Banco P/ Bicicleta Novo ", "description": "Selim Tradicional Banco P/ Bicicleta Novo", "general_details": {"Vendido por:": "Ana Mabel Ortiz", "Email:": "Contatar Vendedor"}, "advertisement_details": {"Preço": "25", "Anúncio nº:": "208463", "Visualizações:": "39", "Anúncio expira:": "16/10/2023 (em 5 dias)", "Adicionado:": "17/08/2023"}}
