{"category": "Casas ofertadas pelo proprietário para Aluguel", "link": "https://classificados.inf.ufsc.br/detail.php?id=208904", "date": "2023-09-11", "title": "\nCasa Itacorubi 1 quarto", "description": "Casa para alugar no Itacorubi, ideal para uma pessoal oU casal. \r\n1 quarto\r\nSala \r\nCozinha com cooktop \r\nBanheiro \r\nVaga para um carro \r\nContrato anual \r\nAluguel 1575,00 \r\nInclui internet \r\nManutenção da água \r\nE imposto \n\r\nContato por WhatsApp app\r\n984341983\r\nDeborah", "general_details": {"Vendido por:": "Monique Inocencio", "Email:": "Contatar Vendedor"}, "advertisement_details": {"Logradouro, nº": "Rua Quilombo 805", "Complemento": "Bastante Arborizado", "Bairro": "Itacorubi", "Cidade": "Florianópolis", "Preço": "1575,00", "Água, cond. e IPTU inclusos?": "Sim", "Conexão c/Internet?": "Sim", "Permitido animais?": "Não", "Anúncio nº:": "208904", "Visualizações:": "879", "Anúncio expira:": "11/10/2023 (em 1 dias)", "Adicionado:": "11/09/2023"}}
{"category": " Roupas", "link": "https://classificados.inf.ufsc.br/detail.php?id=208899", "date": "2023-09-11", "title": "\nJaquetas infantis de grife ótimo estado", "description": "Blusa infantil Marca GAP com capuz cor azul marinho. tamanho P. 60R$\r\nJaqueta de veludo Marca Pé de Moleque cor preta tamanho 8. Tecido interno Poliester e poliamida. Tecido externo algodão. R$ 70 perfeito estado\r\nJaqueta de veludo Marca Snow Season cor azul marinho tamanho 14 . Tecido interno 90% Polipropileno e 10% Poliamida. R$ 70. perfeito estado.\r\nPode comprar por unidade ou levar as 3 por R$ 180", "general_details": {"Vendido por:": "Ana Mabel Ortiz", "Email:": "Contatar Vendedor"}, "advertisement_details": {"Preço": "60", "Anúncio nº:": "208899", "Visualizações:": "19", "Anúncio expira:": "10/11/2023 (em 30 dias)", "Adicionado:": "11/09/2023"}}
{"category": " Camas, Beliches, Colchões e Similares", "link": "https://classificados.inf.ufsc.br/detail.php?id=208896", "date": "2023-09-11", "title": "\nColchão King Ortobom Master Nanolastic", "description": "Dimensões: 25cm x 1m98cm x 1m86cm (AxLxP)\n\r\nProduto novo com menos de um ano de uso, limpo e em perfeito estado.\n\r\nMotivo da venda: mudança de apartamento e o quarto é muito pequeno.\n\r\nRetirar no centro de Florianópolis.\n\r\nESPECIFICAÇÕES:\r\nColchão de molas simples;\r\nRevestimento: tecido plano 100% Poliéster - 80 g/m2, bordado em manta acrílica\r\n100% Poliéster, espuma convencional 100% Poliuretano - 20 kg/m° e tecido não-tecido 100% Polipropileno;\r\nLâmina de espuma convencional 100% Poliuretano - 26 kg/m2 de 65 cm:\r\nIsolante: tecido não-tecido 100% Polipropileno - 120 g/m2;\r\nEstrutura de molas Bonnell com média de 105 molas/m2 - suporte médio de 120 kg/m2 e bitola de 2,2 mm.\r\nBorda de espuma convencional 100% Poliuretano - 26 kg/m2 e espuma aglomerada 100% Poliuretano 80 kg/m3;\r\nIsolante: tecido não-tecido 100% Polipropileno - 120 g/m2:\r\nLâmina de espuma convencional 100% Poliuretano - 20 kg/m3 de 2,0 cm;\r\nRevestimento inferior: tecido plano 69% Poliéster e 31% Algodão - 100 g/m2", "general_details": {"Vendido por:": "Rafael Eduardo Graefling", "Email:": "Contatar Vendedor"}, "advertisement_details": {"Preço": "1300", "Anúncio nº:": "208896", "Visualizações:": "51", "Anúncio expira:": "11/10/2023 (em 0 dias)", "Adicionado:": "11/09/2023"}}
{"category": " Mesas, cadeiras e similares", "link": "https://classificados.inf.ufsc.br/detail.php?id=208895", "date": "2023-09-11", "title": "\nMesa redonda com banco", "description": "Mesa redonda com banco. Suporta 8 pessoas. Frete em 15 dias para montagem (cabe alguns detalhes caso precise na montagem) Entrega em toda Florianópolis e região. Mais informações chamar no meu whatsapp (47) 991903991", "general_details": {"Vendido por:": "Natan Ricardo de Mello", "Email:": "Contatar Vendedor"}, "advertisement_details": {"Anúncio nº:": "208895", "Visualizações:": "147", "Anúncio expira:": "11/10/2023 (em 0 dias)", "Adicionado:": "11/09/2023"}}
{"category": "Outras Coisas para Casa", "link": "https://classificados.inf.ufsc.br/detail.php?id=208894", "date": "2023-09-11", "title": "\nBanco de Balanço para casa", "description": "Banco de balanço com e sem teto. Suporta 2 pessoas. Frete em 15 dias para montagem (cabe alguns detalhes caso precise na montagem) Entrega em toda Florianópolis e região. Mais informações chamar no meu whatsapp (47) 991903991", "general_details": {"Vendido por:": "Natan Ricardo de Mello", "Email:": "Contatar Vendedor"}, "advertisement_details": {"Anúncio nº:": "208894", "Visualizações:": "102", "Anúncio expira:": "11/10/2023 (em 0 dias)", "Adicionado:": "11/09/2023"}}
{"category": " Cursos em Geral", "link": "https://classificados.inf.ufsc.br/detail.php?id=208892", "date": "2023-09-11", "title": "\nConsultoria de escrita", "description": "Tá escrevendo TCC, dissertação ou tese e está com problemas para organizar suas ideias?\n\r\nUma consultoria de escrita pode te ajudar!\n\r\nSou professora formada em Letras Português pela UFSC e possuo cerca de 15 anos de experiência com textos acadêmicos.\n\r\nEntre em contato pelo telefone (48) 991623337 ", "general_details": {"Vendido por:": "Carla Cristiane Mello", "Email:": "Contatar Vendedor"}, "advertisement_details": {"Anúncio nº:": "208892", "Visualizações:": "17", "Anúncio expira:": "10/11/2023 (em 30 dias)", "Adicionado:": "11/09/2023"}}
