{ "category": "Kitnets ofertadas pelo proprietário para Aluguel", "link": "https://classificados.inf.ufsc.br/detail.php?id=208351", "date": "2023-08-09", "title": "\nAlugo Kitnet cobertura para estudante", "description": "Alugo kitnet cobertura para estudante\n\r\nRua Rodolfo Manoel Bento, 188. Carvoeira.\n\r\nCobertura 302 Torre 2\n\r\nR$ 1.160,00 + luz + IPTU (20,00)\r\nPara 1 pessoa\n\r\nIncluso: Condomínio, água+esgoto, internet (wifi).\n\r\nMobília: cama, guarda-roupa, geladeira, fogão, pia com balcão, mesa de estudos + cadeira.\n\r\nGás: fornecemos o botijão (vazio).\n\r\nLavanderia coletiva com tanque.\r\n*Caso você tenha máquina, poderá instalar dentro da kit.\n\r\nContrato de 1 ano com firma reconhecida em cartório. RG e CPF. Caução de R$ 1.000,00\n\r\nContato c/ Fernanda: (48) 98869-2200", "general_details": { "Vendido por:": "Fernanda de Matos Sanchez", "Email:": "Contatar Vendedor" }, "advertisement_details": { "Logradouro, nº": "Rua Rodolfo Manoel Bento, 188.", "Complemento": "prédio", "Bairro": "Carvoeira", "Cidade": "Florianópolis", "Preço": "1.160,00", "Permitido animais?": "não", "Anúncio nº:": "208351", "Visualizações:": "2334", "Anúncio expira:": "07/11/2023 (em 27 dias)", "Adicionado:": "09/08/2023" } }