{"category": "Aptos Ofertados pelo Proprietário para Aluguel", "link": "https://classificados.inf.ufsc.br/detail.php?id=209293", "date": "2023-10-30", "title": "\nApto com sacada ", "description": "Apto primeira com sacada \r\nDescrição:\r\nLINDO APTO – ENSOLARADO e com sacada com vista ao mar\n\r\nR$ 1500,00 já com todas as taxas inclusas.\n\r\nMais fotos e vídeo do apto pelo whatsapp 48 99663-8888\n\r\nApenas MAIS 1 apto disponíveis.\n\r\nÓtima opção para locação ao lado da UFSC e do Centro da Cidade.\n\r\nO imóvel fica localizado na rua principal (Dep Antônio Edu Vieira) si bairro Pantanal, em região com comércio próximo, ponto de\r\nônibus próximo e longe de morros.\n\r\nO local é perfeito para quem quer tranquilidade e ao mesmo tempo estar perto de toda a estrutura urbana, de comércio e serviços.\n\r\n* Apartamento 01 Quarto;\r\n* Local de estacionamento próxima; (e também possibilidade de locação de garagem direto com o proprietário);\r\n* Apartamento todo mobiliado, com mobília planejada em MDF;\r\n* Eletrodomésticos como geladeira e fogão cooktop eletrico;\r\n* cama box de casal;\r\n• guarda-roupa;\r\n* ensolarado, arejado;\r\n* banheiro com box em vidro temperado, ducha eletrônica;\r\n* conta de energia individual;\r\n* sem cobrança extra de condomínio, IPTU ou água;\r\n* internet banda larga FREE.\n\r\nApartamentos com lavanderia com máquina de lavar.\n\r\nSEM FIADOR. A garantia da locação é feita por depósito caução no valor de um aluguel, sendo dispensado fiador ou avalista.\n\r\nNÃO são permitidos animais no prédio.\n\r\nPara maiores informações e visitas 48 99663-8888", "general_details": {"Vendido por:": "Robson Luiz Vieira", "Email:": "Contatar Vendedor"}, "advertisement_details": {"Logradouro, nº": "Rua Deputado Antônio Edu Viera", "Complemento": "Prédio Pantanal", "Bairro": "Pantanal", "Cidade": "florianopolis", "Preço": "R$1500,00", "Água, cond. e IPTU inclusos?": "Sim", "Lavanderia disponível?": "sim, com máquina", "Conexão c/Internet?": "Fibra ótica", "Permitido animais?": "Não", "Anúncio nº:": "209293", "Visualizações:": "15", "Anúncio expira:": "02/11/2023 (em 3 dias)", "Adicionado:": "30/10/2023"}}
