{"category": "10 - Outras Coisas", "link": "https://classificados.inf.ufsc.br/detail.php?id=208950", "date": "2023-09-14", "title": "\nOportunidade: Plano de Academia na Run Disponí...", "description": "Olá! Estou vendendo meu plano na academia Run porque vou me mudar para outra cidade em breve. Procuro alguém interessado em adquirir os 8 meses de acesso restantes do meu plano anual. Se você fizer um plano hoje, a academia cobra R$ 242,00 por mês, pagando mensal fica R$ 360,00.\n\r\nMinha ideia é vender esses 8 meses restantes por R$ 230,00.\n\r\nEstou disposta a negociar, então, se você ou alguém que você conhece estiver interessado, por favor, entre em contato comigo pelo WhatsApp no número (61) 99657-0025. Obrigada!\n\r\nEndereço: Rua Cônego Bernardo, 57\r\nTrindade – Floripa", "general_details": {"Vendido por:": "Rebeca Borges de Oliveira", "Email:": "Contatar Vendedor"}, "advertisement_details": {"Preço": "230,00", "Anúncio nº:": "208950", "Visualizações:": "49", "Anúncio expira:": "14/10/2023 (em 3 dias)", "Adicionado:": "14/09/2023"}}
{"category": "Aptos ofertados via Corretor para Aluguel", "link": "https://classificados.inf.ufsc.br/detail.php?id=208946", "date": "2023-09-14", "title": "\nStudios NOVOS 500m UFSC", "description": "Carvoeira JK, empreendimento com 20 studios novos, localizado na Rua Capitão Romualdo de Barros, 389, bairro Carvoeira.\n\r\nUnidades mobiliadas com vista para o mar (beira mar sul) e UFS.\n\r\nValores a partir de R$1.850,00 de aluguel + R$100,00 de condomínio + consumo de água e luz.\n\r\nAgende sua visita\n\r\nWhatsApp (48) 999356678", "general_details": {"Vendido por:": "Ricardo Paulo Raffs", "Email:": "Contatar Vendedor"}, "advertisement_details": {"Logradouro, nº": "Rua Capitão Romualdo de Barros, 389", "Bairro": "Carvoeira", "Cidade": "Florianópolis", "Preço": "1.850,00", "Conexão c/Internet?": "Sim", "Permitido animais?": "Sim", "Anúncio nº:": "208946", "Visualizações:": "545", "Anúncio expira:": "17/10/2023 (em 6 dias)", "Adicionado:": "14/09/2023"}}
{"category": "Aulas Particulares  Línguas -  Inglês", "link": "https://classificados.inf.ufsc.br/detail.php?id=208945", "date": "2023-09-14", "title": "\nAulas preparatórias para TOEFL, IELTS ou DUOLI...", "description": "Professora com formação e Mestrado em Letras-Inglês (UFSC) especializada em exames preparatórios há mais de 11 anos. O curso pode ter:\n\r\n- Aulas individuais ou em dupla;\r\n- Curta ou longa duração;\r\n- Modalidade intensiva de 1 mês;\n\r\nNão há taxa de matrícula ou investimento em materiais, o curso inclui tudo isso!\n\r\n+50 alunos já se prepararam comigo!\n\r\nPara mais informações, segue o Whatsapp:\r\n48999560527", "general_details": {"Vendido por:": "Maria Eduarda Rodrigues da Fonseca", "Email:": "Contatar Vendedor"}, "advertisement_details": {"Anúncio nº:": "208945", "Visualizações:": "27", "Anúncio expira:": "14/10/2023 (em 3 dias)", "Adicionado:": "14/09/2023"}}
