{"category": " Empregos", "link": "https://classificados.inf.ufsc.br/detail.php?id=209167", "date": "2023-09-29", "title": "\nVAGA FREELANCER AUXILIAR DE PIZZAIOLO", "description": "Vaga para auxiliar de pizzaiolo no bairro Santa Mônica.\r\nNão é necessário ter experiência. Precisa ser pró-ativo.\r\nHorário: 17 às 00 h, conforme escala. \r\nótima oportunidade para estudantes que querem uma renda extra.\n\r\nCurrículos para: vagasarenagastronomia@gmail.com", "general_details": {"Vendido por:": "Morgana Frena", "Email:": "Contatar Vendedor"}, "advertisement_details": {"Anúncio nº:": "209167", "Visualizações:": "61", "Anúncio expira:": "29/10/2023 (em 18 dias)", "Adicionado:": "29/09/2023"}}
{"category": " Empregos", "link": "https://classificados.inf.ufsc.br/detail.php?id=209166", "date": "2023-09-29", "title": "\nVAGA FREELANCER AUXILIAR DE COZINHA", "description": "Vaga para auxiliar de cozinha em creperia no bairro Santa Mônica.\r\nNão é necessário ter experiência. Precisa ser pró-ativo.\r\nHorário: 17 às 00 h, conforme escala. \r\nótima oportunidade para estudantes que querem incrementar a renda.\r\nCurrículos para: vagasarenagastronomia@gmail.com", "general_details": {"Vendido por:": "Morgana Frena", "Email:": "Contatar Vendedor"}, "advertisement_details": {"Anúncio nº:": "209166", "Visualizações:": "68", "Anúncio expira:": "29/10/2023 (em 18 dias)", "Adicionado:": "29/09/2023"}}
{"category": " Calculadoras", "link": "https://classificados.inf.ufsc.br/detail.php?id=209159", "date": "2023-09-29", "title": "\nCalculadora HP 50g funcionando perfeitamente e ...", "description": "Calculadora HP 50g funcionando perfeitamente e com capa. \n\r\nEntrego na UFSC a combinar horário.\n\r\nContato whatsapp 47 999738804\n\n", "general_details": {"Vendido por:": "Tarcísio Pollnow Krüger", "Email:": "Contatar Vendedor"}, "advertisement_details": {"Preço": "350", "Anúncio nº:": "209159", "Visualizações:": "9", "Anúncio expira:": "29/10/2023 (em 18 dias)", "Adicionado:": "29/09/2023"}}
{"category": "Aulas Particulares  Música", "link": "https://classificados.inf.ufsc.br/detail.php?id=209158", "date": "2023-09-29", "title": "\nAulas particulares de música", "description": "Aulas de piano e teoria musical.\n\r\nPresencial: Trindade\n\r\nContato: Adriane - WhatsApp (48) 99914-7870", "general_details": {"Vendido por:": "Adriane Ambrósio Lisboa", "Email:": "lisboaadriane@gmail.com"}, "advertisement_details": {"Anúncio nº:": "209158", "Visualizações:": "10", "Anúncio expira:": "29/10/2023 (em 18 dias)", "Adicionado:": "29/09/2023"}}
{"category": " Ofertas de Quartos/Vagas - Trindade", "link": "https://classificados.inf.ufsc.br/detail.php?id=209155", "date": "2023-09-29", "title": "\nQuarto feminino - R$ 850,00", "description": "Alugo quarto com cama, colchão, armários e criado-mudo. Casa confortável com cozinha, banheiro, sala de estar e área de serviço com máquina de lavar. Localizada entre TITRI e UFSC.\n\r\n-IPTU incluso, demais despesas divididas mensalmente entre as moradoras da casa\r\n-Possui Wi-Fi\r\n-Animais de estimação não são permitidos\r\n-Necessita contrato\n\r\nEspecífico para estudantes universitárias. É exigido ter responsabilidade com a limpeza. Não são permitidos visitantes masculinos.\n\r\nTratar com Cida pelo celular/WhatsApp (48) 999161217", "general_details": {"Vendido por:": "Carla Irene Zampieron", "Email:": "Contatar Vendedor"}, "advertisement_details": {"Logradouro, nº": "Rua Profª Enoe Schutel, 286", "Bairro": "Trindade", "Cidade": "Florianópolis", "Gênero": "Feminino", "Preço": "R$ 850,00", "Água, cond. e IPTU inclusos?": "Apenas IPTU incluso", "Lavanderia disponível?": "Sim", "Conexão c/Internet?": "Sim", "Permitido animais?": "Não", "Anúncio nº:": "209155", "Visualizações:": "261", "Anúncio expira:": "29/10/2023 (em 18 dias)", "Adicionado:": "29/09/2023"}}
