{"category": "Casas ofertadas pelo proprietário para Aluguel", "link": "https://classificados.inf.ufsc.br/detail.php?id=209177", "date": "2023-10-01", "title": "\n# Alugo Excelente Casa em São José #", "description": "Alugo excelente casa residencial em São José, 2 quartos, sala, cozinha, lavanderia; individual no terreno. Consulta de crédito. Fone. Whatsapp. 48 98802 5725 Att.", "general_details": {"Vendido por:": "Marquezan Renato Pereira", "Email:": "Contatar Vendedor"}, "advertisement_details": {"Bairro": "Ipiranga", "Cidade": "São José", "Preço": "1750", "Anúncio nº:": "209177", "Visualizações:": "73", "Anúncio expira:": "31/10/2023 (em 20 dias)", "Adicionado:": "01/10/2023"}}
