{"category": "Ofertas de Quartos/Vagas - Outros Bairros", "link": "https://classificados.inf.ufsc.br/detail.php?id=208981", "date": "2023-09-16", "title": "\nQuarto em Apartamento - Parque de Coqueiros ", "description": "Quarto no bairro de coqueiros, em frente ao parque de coqueiros, próximo à ponte Hercílio Luz (10min a pé) e ao centro da cidade (5 min de carro).\n\r\nO Quarto conta com: Ar condicionado (quente e frio), cama de casal, Tv 47\", comada de roupas e nichos instalados.  \n\r\nA residência fica próxima ao centro da cidade, em um bairro tranquilo com mercado, academia, farmácias e posto de saúde à 5 min a pé.\n\n\r\nRequisitos: \n\r\n- Respeito ao espaço do outro. \n\r\n- Organização e limpeza da casa, em forma de escalas. \n\r\n- Manter o quarto limpo / banheiro com limpeza pelo menos em uma vez na semana. \n\r\n- Organização e limpeza da cozinha, bem como dos itens utilizados e eletrodomésticos. \n\r\nValor Mensal: R$950,00 + divisão de Luz / Agua ", "general_details": {"Vendido por:": "Samuel de Souza Evangelista", "Email:": "Contatar Vendedor"}, "advertisement_details": {"Bairro": "Coqueiros", "Cidade": "Florianópolis", "Gênero": "Feminino, Masculino", "Preço": "1150,00", "Anúncio nº:": "208981", "Visualizações:": "267", "Anúncio expira:": "16/10/2023 (em 5 dias)", "Adicionado:": "16/09/2023"}}
{"category": " Estágios", "link": "https://classificados.inf.ufsc.br/detail.php?id=208978", "date": "2023-09-16", "title": "\nESTÁGIO REMUNERADO PARA ESTUDANTES DE MEDICINA...", "description": "Estágio remunerado não obrigatório para estudantes de Medicina Veterinária em creche e hospedagem de cães.\r\nSuporte em atividades relacionadas à creche e hospedagem de cães.\r\nRequisito estar cursando medicina veterinária.\r\nContato e envio de currículo para:\r\ncharles@naturepetvillage.com.br\r\n48 9 9925 - 1989 (whatsapp)\r\nBolsa: R$500 + R$100 (transporte)\n", "general_details": {"Vendido por:": "Charles Cristian Facchini de Souza", "Email:": "Contatar Vendedor"}, "advertisement_details": {"Anúncio nº:": "208978", "Visualizações:": "66", "Anúncio expira:": "16/10/2023 (em 5 dias)", "Adicionado:": "16/09/2023"}}
{"category": "Outras Coisas para Cozinha", "link": "https://classificados.inf.ufsc.br/detail.php?id=208973", "date": "2023-09-16", "title": "\nBalcão + Pia para banheiro/cozinha", "description": "Balcão de granito + pia para cozinha ou banheiro.\r\nTorneira de inox com saída para água quente.\r\nValor: R$450,00\r\nDimensões: 98cm x 53cm\n\r\nFalar com Mareli (48) 9829-9741", "general_details": {"Vendido por:": "Tereza Cristina Osti Pereira", "Email:": "Contatar Vendedor"}, "advertisement_details": {"Preço": "450", "Anúncio nº:": "208973", "Visualizações:": "89", "Anúncio expira:": "16/10/2023 (em 5 dias)", "Adicionado:": "16/09/2023"}}
