{"category": " Roupas", "link": "https://classificados.inf.ufsc.br/detail.php?id=208578", "date": "2023-08-22", "title": "\nCamiseta Mandala seminova", "description": "Camiseta Mandala seminova\n\r\nAltura 69 cm\r\nLargura 49 cm\n\r\nPreço R$ 40\n\r\nWhatsApp 48 9.9978-8668\n", "general_details": {"Vendido por:": "Dante Crespo Drago", "Email:": "Contatar Vendedor"}, "advertisement_details": {"Preço": "40", "Anúncio nº:": "208578", "Visualizações:": "37", "Anúncio expira:": "21/10/2023 (em 10 dias)", "Adicionado:": "22/08/2023"}}
{"category": " Roupas", "link": "https://classificados.inf.ufsc.br/detail.php?id=208576", "date": "2023-08-22", "title": "\nCamiseta Akira seminova", "description": "Camiseta Akira seminova\n\r\nAltura 68 cm\r\nLargura 51 cm\n\r\nPreço R$ 40\n\r\nWhatsApp 48 9.9978-8668", "general_details": {"Vendido por:": "Dante Crespo Drago", "Email:": "Contatar Vendedor"}, "advertisement_details": {"Preço": "40", "Anúncio nº:": "208576", "Visualizações:": "38", "Anúncio expira:": "21/10/2023 (em 10 dias)", "Adicionado:": "22/08/2023"}}
{"category": "Outras Coisas para Cozinha", "link": "https://classificados.inf.ufsc.br/detail.php?id=208559", "date": "2023-08-22", "title": "\n2 garrafas térmicas", "description": "Vendo 2 garrafas térmicas usadas mas funcionando\r\nA prata está descascada por fora, enquanto a verde está com uma rachadura na parte externa do plástico. Mas ambas funcionam perfeitamente.\r\nNão entrego.\r\nRetirar na Trindade\r\nValor 20,00 as duas\r\nNão vendo separadamente.", "general_details": {"Vendido por:": "Cláudia Resem Paixão", "Email:": "Contatar Vendedor"}, "advertisement_details": {"Preço": "20,00", "Anúncio nº:": "208559", "Visualizações:": "104", "Anúncio expira:": "21/10/2023 (em 10 dias)", "Adicionado:": "22/08/2023"}}
{"category": " Bolsas, pastas, mochilas e similares", "link": "https://classificados.inf.ufsc.br/detail.php?id=208558", "date": "2023-08-22", "title": "\nmochila trekking/cargueira para mochilao quechu...", "description": "\r\nmochila trekking/cargueira para mochilao quechua 50 l\r\nmodelo feminino com ajuste easy fit\r\nem perfeito estado, usada 3 vezes\r\ncabe muuita coisa e tem varios compartimentos secretos\r\najuste no quadril e nas alças para distribuir melhor o peso\r\nNão entrego\r\nRetirar na Trindade", "general_details": {"Vendido por:": "Cláudia Resem Paixão", "Email:": "Contatar Vendedor"}, "advertisement_details": {"Preço": "850,00", "Anúncio nº:": "208558", "Visualizações:": "47", "Anúncio expira:": "21/10/2023 (em 10 dias)", "Adicionado:": "22/08/2023"}}
{"category": " Câmeras Fotográficas, Filmadoras e Acessórios", "link": "https://classificados.inf.ufsc.br/detail.php?id=208557", "date": "2023-08-22", "title": "\nKit Nikon D60 + Lente Tamron 70-300mm", "description": "estou vendendo minha câmera nikon d60, junto c a lente original 18-55mm e mais uma lente Tamron 70-300mm f/4-5.6 di ld.\r\na lente ta um pouco suja e eu não sei dizer qtos cliques.\r\nesse modelo de camera faz apenas fotografia, não filma.\r\nno kit acompanha a bolsa de transporte, bateria, cartão de memória 4g e o carregador.\n\r\nNÃO ENTREGO\n\r\nRetirar na Trindade, em frente à UFSC", "general_details": {"Vendido por:": "Cláudia Resem Paixão", "Email:": "Contatar Vendedor"}, "advertisement_details": {"Preço": "1700,00", "Anúncio nº:": "208557", "Visualizações:": "85", "Anúncio expira:": "21/10/2023 (em 10 dias)", "Adicionado:": "22/08/2023"}}
{"category": " Coisas para Escritório", "link": "https://classificados.inf.ufsc.br/detail.php?id=208556", "date": "2023-08-22", "title": "\nCadeira gamer feminina", "description": "Vendo cadeira gamer feminina da marca Dazz\r\nVem com duas almofadas de encosto que não aparecem nas imgs\r\nUsada e com marcas de uso conforme as imgs\r\nO preço dela tá por 1.852,00 na Kabum mas estou vendendo por 650,00\r\nSegue o link para quem quiser conferir: https://www.kabum.com.br/produto/160395/cadeira-gamer-dazz-serie-m-rosa-625170\r\nNão entrego\r\nRetirar na Trindade", "general_details": {"Vendido por:": "Cláudia Resem Paixão", "Email:": "Contatar Vendedor"}, "advertisement_details": {"Preço": "650,00", "Anúncio nº:": "208556", "Visualizações:": "215", "Anúncio expira:": "21/10/2023 (em 10 dias)", "Adicionado:": "22/08/2023"}}
{"category": " Impressoras e Scanners", "link": "https://classificados.inf.ufsc.br/detail.php?id=208555", "date": "2023-08-22", "title": "\nImpressora HP deskjet 2676", "description": "Vendo impressora HP deskjet 2676\r\nImprimi P/B e colorido e escaneia\r\nEstá com marca de cola, mas acredito que deve sair com algum tipo de solvente ou desengordurante.\r\nFuncionando perfeitamente\r\nVem com um cartucho usado pela metade.\r\nValor 180,00\r\nNÃO ENTREGO\r\nRetirar na Trindade, em frente à UFSC", "general_details": {"Vendido por:": "Cláudia Resem Paixão", "Email:": "Contatar Vendedor"}, "advertisement_details": {"Preço": "180,00", "Anúncio nº:": "208555", "Visualizações:": "60", "Anúncio expira:": "21/10/2023 (em 10 dias)", "Adicionado:": "22/08/2023"}}
{"category": " Bicicletas e Acessórios", "link": "https://classificados.inf.ufsc.br/detail.php?id=208552", "date": "2023-08-22", "title": "\nVendo bicicleta Caloi Comfort customizada", "description": "Vendo bicicleta Caloi Comfort customizada por mim\r\nEla é linda porém está com algumas marcas de uso, conforme as fotos.\r\nTem que revisar as marchas pois estão com problema.\r\nNão entrego.\r\nRetirada na Trindade, em frente à UFSC.\r\nValor: 280", "general_details": {"Vendido por:": "Cláudia Resem Paixão", "Email:": "Contatar Vendedor"}, "advertisement_details": {"Preço": "280", "Anúncio nº:": "208552", "Visualizações:": "239", "Anúncio expira:": "21/10/2023 (em 10 dias)", "Adicionado:": "22/08/2023"}}
