{"category": " Revisões, Digitações e Traduções de Textos", "link": "https://classificados.inf.ufsc.br/detail.php?id=208795", "date": "2023-09-05", "title": "\nRevisão textual ", "description": "Me chamo Manoela e presto serviços de revisão de textos acadêmicos, didáticos e literários. As revisões incluem:\r\nOrtografia\r\nGramática\r\nCoesão e Coerência\r\nNormatização ABNT\n\r\nPara orçamentos, entrar em contato pelo \r\ne-mail: manudesza@gmail.com", "general_details": {"Vendido por:": "Manoela de Souza", "Email:": "Contatar Vendedor"}, "advertisement_details": {"Anúncio nº:": "208795", "Visualizações:": "24", "Anúncio expira:": "04/11/2023 (em 24 dias)", "Adicionado:": "05/09/2023"}}
{"category": " Camas, Beliches, Colchões e Similares", "link": "https://classificados.inf.ufsc.br/detail.php?id=208789", "date": "2023-09-05", "title": "\nColchão de casal Semi novo + Base box", "description": "Vendo colchão semi novo de casal junto com a base box.\n\r\nO colchão é de casal Lightspuma Inspiration com Molas Prolastic e Euro Pillow Tamanho 24x138x188 cm - Branco/Cinza. A base box é cinza tamanho 41x138x188cm. Tão em bom estado e estou vendendo por motivo de mudança.\n\r\nObs.: não entrego. A retirar na Trindade (Perto do Bombeiro Militar). Aceito pagamento por pix\n\r\nContato (Whats): (42) 99946-6624", "general_details": {"Vendido por:": "Orence Ian Finagnon Couthon", "Email:": "Contatar Vendedor"}, "advertisement_details": {"Preço": "700", "Anúncio nº:": "208789", "Visualizações:": "121", "Anúncio expira:": "12/10/2023 (em 1 dias)", "Adicionado:": "05/09/2023"}}
