{"category": " Telefones Celulares e Acessórios", "link": "https://classificados.inf.ufsc.br/detail.php?id=209292", "date": "2023-10-28", "title": "\nVENDO iphone X 256gb", "description": "Vendo Iphone X 256gb, preto. Comprado em maio de 2023.\r\nAcompanha película de cerâmica e duas capinhas.\n\r\nContato: 55984320347", "general_details": {"Vendido por:": "Nicole Nascimento Massafra", "Email:": "Contatar Vendedor"}, "advertisement_details": {"Preço": "1600", "Anúncio nº:": "209292", "Visualizações:": "8", "Anúncio expira:": "27/11/2023 (em 28 dias)", "Adicionado:": "28/10/2023"}}
