{"category": " Telefones Celulares e Acessórios", "link": "https://classificados.inf.ufsc.br/detail.php?id=209059", "date": "2023-09-21", "title": "\nGalaxy J7 Prime funcionando", "description": "Galaxy J7 Prime 32Gb funcionando, apenas a tela rachada. Leitor de digital em perfeito estado. Entrego na UFSC.", "general_details": {"Vendido por:": "Suellen das Gracas Lima Nicolau", "Email:": "Contatar Vendedor"}, "advertisement_details": {"Preço": "150", "Anúncio nº:": "209059", "Visualizações:": "45", "Anúncio expira:": "21/10/2023 (em 10 dias)", "Adicionado:": "21/09/2023"}}
{"category": "Aptos Ofertados pelo Proprietário para Aluguel", "link": "https://classificados.inf.ufsc.br/detail.php?id=209051", "date": "2023-09-21", "title": "\nAp 1q AC/Mov planej/Garagem ñ cobro cond/IPTU", "description": "CONTATO RENAN - 48 9-9164-3210 (whats)\r\nFOTOS EM ALTA E VÍDEO-TOUR: https://photos.app.goo.gl/c6w7d3Gu6rtoVzJk9\n\r\nApartamento mobiliado completo (ver abaixo), móveis PLANEJADOS, AR CONDICIONADO, com garagem, vaga livre privativa, aluguel direto com o dono.\n\r\nINCLUSO no aluguel: condomínio, IPTU e internet fibra (cabo e wi-fi).\r\nNÃO INCLUSO: água, luz e gás, os três com medição individual.\n\r\nA 2 minutos de carro da UFSC, 10 minutos a pé.\n\r\nMobília:\r\nCOZINHA: fogão, geladeira duplex, pia, armário aéreo;\r\nÁREA SERVIÇO: espera para máquina de lavar, armário aéreo, tanque.\r\nSALA: móveis planejados: bancada, 2 banquetas, painel TV com iluminação, mesa de trabalho, prateleiras; sofá\r\nQUARTO: AR CONDICIONADO, base cama box casal, guarda-roupas 6 portas, penteadeira/gaveteiro com iluminação\r\nBANHEIRO: espelho com iluminação, gaveteiro\r\n+todas as cortinas/blackouts\r\nObs: não forneço colchão\n\r\nCONTATO RENAN - 48 9-9164-3210 (whats)\r\nFOTOS EM ALTA E VÍDEO-TOUR: https://photos.app.goo.gl/c6w7d3Gu6rtoVzJk9\n", "general_details": {"Vendido por:": "Renan Vermeulen Noceti", "Email:": "renano7@yahoo.com.br"}, "advertisement_details": {"Logradouro, nº": "R. Prof. Adriano Mosiman, 96", "Complemento": "Ams204", "Bairro": "Trindade (Serrinha)", "Cidade": "Florianópolis", "Preço": "2500", "Água, cond. e IPTU inclusos?": "Cond/IPTU sim, água não", "Lavanderia disponível?": "Sim, privativa no apto", "Conexão c/Internet?": "Sim, fibra (cabo e wifi)", "Permitido animais?": "Sim", "Anúncio nº:": "209051", "Visualizações:": "675", "Anúncio expira:": "21/10/2023 (em 10 dias)", "Adicionado:": "21/09/2023"}}
