{"category": " Revisões, Digitações e Traduções de Textos", "link": "https://classificados.inf.ufsc.br/detail.php?id=208423", "date": "2023-08-14", "title": "\nRevisão textual", "description": "Ofereço serviços de RT - revisão textual para TCCs, dissertações, artigos e teses. Experiência de quinze anos com gêneros textuais acadêmicos.\n\r\nO orçamento é feito após o envio do material. Base de referência é a lauda de 1500 caracteres com espaço.\n\r\nPara mais informações, entrar em contato pelo telefone: (48) 9916233337 ou pelo e-mail carlinhamello84@gmail.com\n\r\nObrigada", "general_details": {"Vendido por:": "Carla Cristiane Mello", "Email:": "Contatar Vendedor"}, "advertisement_details": {"Anúncio nº:": "208423", "Visualizações:": "27", "Anúncio expira:": "19/10/2023 (em 8 dias)", "Adicionado:": "14/08/2023"}}
