{"category": "Kitnets ofertadas pelo proprietário para Aluguel", "link": "https://classificados.inf.ufsc.br/detail.php?id=208917", "date": "2023-09-12", "title": "\nAlugo kitinete - Tratar Watzap (48) 996734938 o...", "description": "Alugo kitinet em frente a UFSC\r\nIncluso no aluguel agua, luz, internet e gás central.\r\nmaquina de lavar compartilhada.\r\nOBS: Locação somente para uma pessoa (para moça)", "general_details": {"Vendido por:": "Armando Jose Vidal", "Email:": "armando.vidal@ufsc.br"}, "advertisement_details": {"Logradouro, nº": "servidão Eusebia Vidal, 86 - Rua da farmacia Panvel", "Complemento": "casa", "Bairro": "Pantanal", "Cidade": "Florianópolis", "Preço": "1200,00", "Água, cond. e IPTU inclusos?": "sim", "Lavanderia disponível?": "sim", "Conexão c/Internet?": "sim", "Permitido animais?": "não", "Anúncio nº:": "208917", "Visualizações:": "437", "Anúncio expira:": "12/10/2023 (em 1 dias)", "Adicionado:": "12/09/2023"}}
{"category": " Ofertas de Quartos/Vagas - Pantanal", "link": "https://classificados.inf.ufsc.br/detail.php?id=208913", "date": "2023-09-12", "title": "\nquarto completo, é só mudar", "description": "Apartamento a 2 min da UFSC \r\n-dois quartos, está sendo ofertada a suíte\r\n-sacada com churrasqueira\r\n-completamente mobilhado \r\n-Espaço de eventos no condomínio (4 ventos)\n\r\nEu estarei fora por um ano e estou ofertando meu quarto completamente mobilhado\r\nO preço é com todas as contas inclusas\r\nPara contato: 11982072400", "general_details": {"Vendido por:": "Julia Afonso Pires", "Email:": "juliaafonsopires@gmail.com"}, "advertisement_details": {"Logradouro, nº": "rua rosa, 119", "Complemento": "apto 304", "Bairro": "pantanal", "Cidade": "florianópolis", "Gênero": "Feminino", "Preço": "1570", "Água, cond. e IPTU inclusos?": "sim", "Lavanderia disponível?": "sim", "Conexão c/Internet?": "sim", "Permitido animais?": "talvez", "Anúncio nº:": "208913", "Visualizações:": "272", "Anúncio expira:": "12/10/2023 (em 1 dias)", "Adicionado:": "12/09/2023"}}
{"category": "Outras Coisas para Casa", "link": "https://classificados.inf.ufsc.br/detail.php?id=208907", "date": "2023-09-12", "title": "\nCaixotes de madeira", "description": "Vendo 4 caixotes de madeira usados. Madeira tratada com anti-cupim Jimo e óleo de linhaça (ajuda a preservar a madeira).\n\r\n1 por R$30 ou os 4 por R$100.\n\r\nContato pelo whatsapp (45) 99133-7157.\n\n", "general_details": {"Vendido por:": "Elba Marina Miotto Mujica", "Email:": "Contatar Vendedor"}, "advertisement_details": {"Preço": "30", "Anúncio nº:": "208907", "Visualizações:": "128", "Anúncio expira:": "11/11/2023 (em 31 dias)", "Adicionado:": "12/09/2023"}}
