{"category": " Brinquedos", "link": "https://classificados.inf.ufsc.br/detail.php?id=209242", "date": "2023-10-08", "title": "\nDIA DAS CRIANÇAS!! Brinquedos e Jogos diversos...", "description": "Todos em perfeito estado\r\ncantil infantil 25rs\r\ncubo magico 10rs\r\npistola nerf 30rs\r\nboneco power rangers 25rs\r\nurso max steel 100rs\r\ncarrinhos hot wheels e outros 30rs\r\nluvas de goleiro infantil numero 5. Importadas. Marca Poker. Em perfeito estado. 45rs\r\nbolsas artesanais 30rs as duas\r\nGarrafa do Shrek infantil em perfeito estado, com alça e compartimento para guardar comida! R$ 20\r\nlivro galope com desenhos interativos 50rs\r\nlivros hot wheels 5rs cada um\r\nboneco lego 5 rs\r\ncelular dos power ranger 5rs\r\nenchedor de balão 10rs\r\naviso de porta infantil 10rs\r\nquien hace ese ruido, livro interativo infantil 10rs\r\nboneco montável 30rs\r\n12 brinquedos Superzings de borracha\r\n8rs cada ou 89 todos\r\ntoalha batman NOVA 15rs\r\nmascara de rato de borracha 25rs\r\npião de madeira NOVO...10 rs\r\njogo de dama china 25rs\r\nbrinquedos de coleção 10rs cada ou 70rs todos\r\nboia e brinquedos de praia 20rs\r\npula corda NOVA 30rs\r\npula corda azul 10 rs\r\nkit canetas coloridas homem aranha 25rs\r\nkit massinha 40rs\r\ncarrinhos customizável NOVO , 35rs\r\npig bank cerâmica 45rs (n precisa quebrar p tirar o $)\r\nestojo mickey 10rs\r\ngato apontador NOVO, 15rs\r\nprivada prank (solta água em quem abre ele) 10rs\r\nbeyblade, na caixa , NOVO, 15rs\r\nbolas de gude 15rs\n", "general_details": {"Vendido por:": "Ana Mabel Ortiz", "Email:": "Contatar Vendedor"}, "advertisement_details": {"Preço": "5", "Anúncio nº:": "209242", "Visualizações:": "25", "Anúncio expira:": "07/11/2023 (em 27 dias)", "Adicionado:": "08/10/2023"}}
{"category": " Unidades de Discos (HD, CD, DVD)", "link": "https://classificados.inf.ufsc.br/detail.php?id=209241", "date": "2023-10-08", "title": "\nHD 500gb - Notebook", "description": "HD funcionando perfeitamente. Pode ser utilizado em notebook ou como HD externo", "general_details": {"Vendido por:": "Matheus Vieira da Silva", "Email:": "matheusvs.wt@gmail.com"}, "advertisement_details": {"Preço": "60", "Anúncio nº:": "209241", "Visualizações:": "15", "Anúncio expira:": "07/11/2023 (em 27 dias)", "Adicionado:": "08/10/2023"}}
{"category": " Memórias", "link": "https://classificados.inf.ufsc.br/detail.php?id=209240", "date": "2023-10-08", "title": "\nMemória RAM 8gb 2666MHz, DDR4, C16", "description": "Funcionando perfeitamente", "general_details": {"Vendido por:": "Matheus Vieira da Silva", "Email:": "matheusvs.wt@gmail.com"}, "advertisement_details": {"Preço": "90", "Anúncio nº:": "209240", "Visualizações:": "10", "Anúncio expira:": "07/11/2023 (em 27 dias)", "Adicionado:": "08/10/2023"}}
{"category": "Outras Coisas para Casa", "link": "https://classificados.inf.ufsc.br/detail.php?id=209239", "date": "2023-10-08", "title": "\nMesa de plástico", "description": "Mesa de plástico em perfeito estado de conservação.\r\nPor favor enviar mensagem para 86 9 9451-4909.\r\nLocal da retirada: Bairro Itacorubi nº 2000 Rodovia Amaro Antônio Vieira, apto 6. Mesmo prédio do Rama Lanches.", "general_details": {"Vendido por:": "Edilene Ferreira da Silva", "Email:": "Contatar Vendedor"}, "advertisement_details": {"Preço": "50,00", "Anúncio nº:": "209239", "Visualizações:": "10", "Anúncio expira:": "23/10/2023 (em 12 dias)", "Adicionado:": "08/10/2023"}}
