{"category": "10 - Outras Coisas", "link": "https://classificados.inf.ufsc.br/detail.php?id=208660", "date": "2023-08-28", "title": "\nSecador Mondial, Max Travel, Bivolt, Vermelho, ...", "description": "Secador de Cabelos Mondial Max Travel SC-10 Bivolt\r\nO secador de cabelos Max Travel SC-10 é ideal para você que tem pouco tempo para se arrumar, mas precisa deixar as madeixas em ordem. Agora você pode enxugar e escovar os cabelos em casa ou em qualquer lugar. Leve e portátil, o Max Travel SC-10 cabe na bolsa. Além disso, é muito simples de manusear. Ele conta com duas velocidades, duas temperaturas e bocal concentrador de ar para facilitar a secagem dos fios.\n\r\nMarca: Mondial\r\npotencia: 1200 w\r\nvoltagem: Bivolt\r\nrecursos: Cabo dobrável tipo Dobrável\r\nInformações complementares\r\nMarca: Mondial\r\nModelo: SC-10\r\nPotência:1200 W\r\nVoltagem: Bivolt\r\nSeminovo", "general_details": {"Vendido por:": "Maria Alice Messias", "Email:": "Contatar Vendedor"}, "advertisement_details": {"Preço": "R$50,00", "Anúncio nº:": "208660", "Visualizações:": "49", "Anúncio expira:": "27/10/2023 (em 16 dias)", "Adicionado:": "28/08/2023"}}
{"category": "Eletrodomésticos em Geral", "link": "https://classificados.inf.ufsc.br/detail.php?id=208659", "date": "2023-08-28", "title": "\nLiquidificador 1000 Wats Turbo Premium Alta Rot...", "description": "O Liquidificador Premium L1000 Black Da Mondial Possui Design Moderno Com Novo Sistema De Encaixe, 12 Velocidades + Função Pulsar/Gelo, Copo Com 3l De Capacidade Total E 2l De Capacidade Útil, Função Autolimpeza, Tampa Com Copo Dosador, Função Filtro, Faca Em Aço Inox Serrilhado, Guarda-Fio Com Encaixe Para O Plugue.\r\nCaracterísticas\r\nInformações Gerais\r\nPorta Fio: Sim\r\nFunções Adicionais: Auto Limpante\r\nAlça: Sim\r\nVelocidades: 12 Velocidades + Função Pulsar\r\nPotência: 1000w\r\nCopo: 3 L\r\nConsumo De Energia: 1 Kwh\r\nCopo: 2 L De Capacidade Útil\r\nPorta Fio: Guarda Fio Com Encaixe Para O Plugue\r\nDimensões / Peso\r\nLargura: 23,2 Cm\r\nAltura: 42,3 Cm\r\nProfundidade: 21,7 Cm\r\nPeso: 2,5 Kg\r\nVoltagem:110V\r\nSeminovo\n\n", "general_details": {"Vendido por:": "Maria Alice Messias", "Email:": "Contatar Vendedor"}, "advertisement_details": {"Preço": "R$180,00", "Anúncio nº:": "208659", "Visualizações:": "107", "Anúncio expira:": "30/10/2023 (em 19 dias)", "Adicionado:": "28/08/2023"}}
{"category": " Tablets e acessórios", "link": "https://classificados.inf.ufsc.br/detail.php?id=208656", "date": "2023-08-28", "title": "\nTablet Samsung Galaxy Tab 2 7.1", "description": "Tablet funcional, com sistema operacional LineageOS 13, com boa performance para ver vídeos ou navegar pela internet.\r\nTamanho do tablet: 19cm x 12cm\r\nContato com Janaína pelo whats (48) 99615-7740.", "general_details": {"Vendido por:": "Gabriel Araldi Walter", "Email:": "gabriel.araldi@ufsc.br"}, "advertisement_details": {"Preço": "300", "Anúncio nº:": "208656", "Visualizações:": "117", "Anúncio expira:": "27/10/2023 (em 16 dias)", "Adicionado:": "28/08/2023"}}
{"category": " Ofertas de Quartos/Vagas - Trindade", "link": "https://classificados.inf.ufsc.br/detail.php?id=208644", "date": "2023-08-28", "title": "\nVaga FEMININA: quarto individual, na Trindade /...", "description": "VAGA FEMININA de 1 quarto de casal, individual, em apartamento de 3Q, na TRINDADE/UFSC.\n\r\nQUARTO AMPLO/AREJADO - TRINDADE: Vaga feminina, em AP completo de 3d com 2 banheiros, sendo 1 com chuveiro, garagem coberta e rotativa, estacionamento para visitantes, condomínio em rua reservada, espaço para Pet de pequeno porte, portaria eletrônica, cond. seguro c/ tudo próximo - acesso fácil ao TITRI (8min a pé), UFSC (15min a pé), próximo de alguns bancos, comércio, posto de saúde, supermercados e shoppings. \n\r\nINCLUSO: no valor negociável para um (1) quarto de casal MOBILIADO, de R$ 1.500,00/mês em que está INCLUSO TUDO (aluguel, água, luz, internet, condomínio, iptu. Exceto: GÁS). Além disso, inclui o uso compartilhado das áreas comuns do apartamento, montado, bem arejado e de bom astral.\n\r\nOBS (1): o quarto da vaga está mobiliado (com arara, sem roupeiro). Porém, é passível mudanças, de acordo com o interessado. No momento, moro somente eu no ap, e pretendo locar só 1 d de casal; mas, depois pretendo alugar mais 1d de solteiro, que também está vago.\n\r\nOBS (2): Sou professora da Rede de Educação Básica e faço MESTRADO na UFSC. Darei preferências para alunas de PÓS-GRADUAÇÃO; ou, para alguém tranquila e de \"vibe\" boa para os estudos.\n\r\nOBS (3): NÃO aceito fumantes e aceito PETs (dócil e de pequeno porte)\n\r\nCONTRATO: a entrada imediata, mediante contrato (simples) e o pagamento de 1 aluguel + meio (1/2) de caução (a combinar).\n\r\nFotos e mais informações, ou agendar visita, entre em contato SOMENTE por: WhatsApp: (48) 988010185 - REGINA", "general_details": {"Vendido por:": "Regina Celia da Silva", "Email:": "Contatar Vendedor"}, "advertisement_details": {"Logradouro, nº": "Rua José Dutra", "Complemento": "70", "Bairro": "Trindade", "Cidade": "Florianópolis", "Gênero": "Feminino", "Preço": "1.500,00 (negociável)", "Água, cond. e IPTU inclusos?": "SIM", "Lavanderia disponível?": "SIM", "Conexão c/Internet?": "SIM", "Permitido animais?": "SIM (dócil e de pequeno porte)", "Anúncio nº:": "208644", "Visualizações:": "452", "Anúncio expira:": "27/10/2023 (em 16 dias)", "Adicionado:": "28/08/2023"}}
