{"category": "Outras Coisas para Cozinha", "link": "https://classificados.inf.ufsc.br/detail.php?id=208521", "date": "2023-08-20", "title": "\nFiltro de Barro para Água São João Classic 8...", "description": "Vendo Filtro de Barro para Água São João Classic 8 Litros 2 Velas\n\r\nAltura: 60 cm\r\nDiâmetro: 25 cm\n\r\nPreço R$ 150\n\r\nRetirar no local. Bairro Trindade, próximo à UFSC.\n\r\nWhatsApp: 48 9.9978-8668 ", "general_details": {"Vendido por:": "Dante Crespo Drago", "Email:": "Contatar Vendedor"}, "advertisement_details": {"Preço": "150", "Anúncio nº:": "208521", "Visualizações:": "113", "Anúncio expira:": "19/10/2023 (em 8 dias)", "Adicionado:": "20/08/2023"}}
