{"category": "Casas ofertadas pelo proprietário para Aluguel", "link": "https://classificados.inf.ufsc.br/detail.php?id=208837", "date": "2023-09-07", "title": "\nCasa  2 quartos - Próximo da UFSC - 800 metros...", "description": "Aluga-se casa de 2 quartos com 80 m2, na Carvoeira, próximo da UFSC, com muita privacidade, segurança, tranquilidade e conforto. Casa ampla e reformada, com bela vista para a baía sul.\n\r\nvalor mensal de R$ 2.300,00 oferece:\n\r\n1. 2 quartos\r\n2. Lavanderia \r\n3. Semi Mobiliado\r\n4. Água incluso\r\n5. Internet\r\n6. Ar condicionado 18.000 Btu inverter\n\r\nObs: com possibilidade de estacionamento na rua frente a casa.\r\nCONTATO: (48) 99969-9902 - THAYNÁ.\n", "general_details": {"Vendido por:": "Nauana Gaivota Silveira", "Email:": "Contatar Vendedor"}, "advertisement_details": {"Logradouro, nº": "Rua dos Gemeos, 36", "Complemento": "casa", "Bairro": "carvoeira", "Cidade": "Florianópolis", "Preço": "2.300,00", "Água, cond. e IPTU inclusos?": "SIM", "Lavanderia disponível?": "SIM", "Conexão c/Internet?": "SIM", "Permitido animais?": "sim", "Anúncio nº:": "208837", "Visualizações:": "1158", "Anúncio expira:": "06/11/2023 (em 26 dias)", "Adicionado:": "07/09/2023"}}
