{"category": " Ofertas de Quartos/Vagas - Trindade", "link": "https://classificados.inf.ufsc.br/detail.php?id=209067", "date": "2023-09-22", "title": "\nSuite à 200m da UFSC ", "description": "Suite ampla em apto de 4 quartos tendo 135m2\r\nApto conta com sala, cozinha 2 banheiros, lavanderia.\r\nLocalizado na Lauro Linhares, em frente ao cartório trindade, MT próximo a UFSC.\r\nMaiores informações entrar em contato cmg\r\nSuite 1500-1600 incluso água, luz, internet, material de limpeza.\r\nPedro 48998264603", "general_details": {"Vendido por:": "Pedro Henrique Caixeta Barbosa", "Email:": "Contatar Vendedor"}, "advertisement_details": {"Logradouro, nº": "Rua Lauro Linhares, 1830", "Bairro": "Trindade", "Cidade": "FLORIANOPOLIS", "Gênero": "Feminino, Masculino", "Preço": "1500,00", "Água, cond. e IPTU inclusos?": "Sim", "Lavanderia disponível?": "Sim", "Conexão c/Internet?": "Sim", "Anúncio nº:": "209067", "Visualizações:": "392", "Anúncio expira:": "22/10/2023 (em 11 dias)", "Adicionado:": "22/09/2023"}}
{"category": " Telefones Celulares e Acessórios", "link": "https://classificados.inf.ufsc.br/detail.php?id=209066", "date": "2023-09-22", "title": "\nIPHONE XR - 128 Gb", "description": "• Iphone com pouquíssimas marcas de uso\r\n• 128Gb de memória \r\n• Película de hidrogel\r\n• Acompanha fone e fonte do carregador \r\n• Saúde da bateria: 79%\n", "general_details": {"Vendido por:": "Maria Luiza de Brida da Silva", "Email:": "Contatar Vendedor"}, "advertisement_details": {"Preço": "1650", "Anúncio nº:": "209066", "Visualizações:": "63", "Anúncio expira:": "22/10/2023 (em 11 dias)", "Adicionado:": "22/09/2023"}}
{"category": "10 - Outras Coisas", "link": "https://classificados.inf.ufsc.br/detail.php?id=209065", "date": "2023-09-22", "title": "\nCustomização em telas, Muros, pranchas, skate...", "description": "Telas, Muros, pranchas, skates, capacetes em geral, materiais esportivos e o que mais inventares.\r\nUtilizando variadas técnicas de pintura, proporcionando um resultado unico e com acabamento primoroso.\n\r\nFaz parte do trabalho de customização a boa comunicação entre o cliente e o artista, pois sabendo exatamente a necessidade do cliente melhor e mais rápido será o resultado final.\r\nPassos do trabalho:\r\n1 - Conversa inicial com o cliente;\r\n2 - Conecer as dimensões da peça e em alguns casos tem o contato com a mesma;\r\n3 - Elaboração do esboço e envio do mesmo junto com o orçamento ao cliente;\r\n4 - Em caso de aprovação, inicia-se o trabalho,  caso contrário elaborasse novo esboço, até a aprovação (no limite de 3 alterações, acima disso serão cobrados).\r\n5 - Será fixado a data para entrega da Obra que geralmente ocorre em 30 dias após aprovação do esboço.\r\nFaça uma consulta 48 999820696", "general_details": {"Vendido por:": "Caroline Costa de Mattos", "Email:": "carolcost@live.com"}, "advertisement_details": {"Preço": "500,00", "Anúncio nº:": "209065", "Visualizações:": "9", "Anúncio expira:": "22/10/2023 (em 11 dias)", "Adicionado:": "22/09/2023"}}
{"category": "Ofertas de Quartos/Vagas - Outros Bairros", "link": "https://classificados.inf.ufsc.br/detail.php?id=209064", "date": "2023-09-22", "title": "\nStudio Bromélia Porto da Lagoa", "description": "Studio aconchegante, entrada independente, casa acolhedora familiar, no Porto da Lagoa, Lagoa da Conceição. Banheiro privativo. Cama casal, mesa de estudos/trabalho, wi-fi, arara e guarda-roupas, ponto de apoio culinário com fogão, frigobar, pia lavar louças e utensílios. Lavanderia. Experiência em receber estudantes de intercâmbio nacionais e internacionais, assim como trabalhaadores em home office. Bairro com ciclovia, transporte público, trilha para a praia da Joaquina, comércio local excelente. Contatos 48 996556515 ou whats 21 981593301", "general_details": {"Vendido por:": "Regina Celis Lopes Affonso", "Email:": "reafonso147@gmail.com"}, "advertisement_details": {"Logradouro, nº": "147", "Complemento": "x", "Bairro": "Porto da Lagoa", "Cidade": "Florianópolis", "Gênero": "Feminino, Masculino", "Preço": "1200", "Água, cond. e IPTU inclusos?": "sim", "Lavanderia disponível?": "sim", "Conexão c/Internet?": "sim", "Permitido animais?": "a combinar", "Anúncio nº:": "209064", "Visualizações:": "180", "Anúncio expira:": "22/10/2023 (em 11 dias)", "Adicionado:": "22/09/2023"}}
