{"category": "Aulas Particulares  Línguas -  Inglês", "link": "https://classificados.inf.ufsc.br/detail.php?id=209252", "date": "2023-10-10", "title": "\nAulas Particulares de Inglês Online - Primeira...", "description": "Professor graduado pela UFSC com 14 anos de experiência\n\r\nAbordagem comunicativa: inglês para o dia-a-dia\n\r\nAulas direcionadas para as necessidades de cada pessoa: Inglês para viagens e negócios, testes\n\r\nDesenvolvimento das quatro habilidades:\r\nler, escrever, escutar e falar\n\r\nMaterial Incluso\n\r\nAulas online no conforto da sua casa ou escritório\n\r\nHorários flexíveis\n\r\nAgende hoje uma aula demonstrativa gratuita!\n\r\nWhats: 48996228254\n", "general_details": {"Vendido por:": "Marlon Southier", "Email:": "Contatar Vendedor"}, "advertisement_details": {"Anúncio nº:": "209252", "Visualizações:": "16", "Anúncio expira:": "09/11/2023 (em 29 dias)", "Adicionado:": "10/10/2023"}}
{"category": "Outros Instrumentos e Aparelhos", "link": "https://classificados.inf.ufsc.br/detail.php?id=209250", "date": "2023-10-10", "title": "\nAr condicionado portátil 10.000 BTUS QUENTE E ...", "description": "Vendo ar condicionado portátil quente e frio em bom estado por motivo de mudança. O aparelho é excelente para quem mora de aluguel,  pois dispensa instalação especializada e pode ser facilmente transportado de um cômodo para outro.\n\r\nO frete é por conta do comprador. Retirar no bairro Ipiranga, São José.\n\r\nContato whatsApp: Mychelle\r\n(48)999795944", "general_details": {"Vendido por:": "Mychelle Carneiro Santana Graeff Campoli", "Email:": "myss.santana@gmail.com"}, "advertisement_details": {"Preço": "1.400,00", "Anúncio nº:": "209250", "Visualizações:": "15", "Anúncio expira:": "09/11/2023 (em 29 dias)", "Adicionado:": "10/10/2023"}}
{"category": " Ofertas de Quartos/Vagas - Pantanal", "link": "https://classificados.inf.ufsc.br/detail.php?id=209249", "date": "2023-10-10", "title": "\nALUGO QUARTO PARA NÃO FUMANTES", "description": "QUARTO MOBILIADO,  A 300M DA UFSC. \r\nO AMBIENTE POSSUI GELADEIRA, PIA, BALCÃO, FOGÃO, ARMÁRIO, MICRO-ONDAS,   MESA, AREA EXTERNA COM  MÁQUINA DE LAVAR,  INTERNET, ETC... AMBIENTE FAMILIAR, LOCAL TRANQUILO E SEGURO   \r\nValor 1200,00 + água e luz.   WHATSAPP 48 999100555", "general_details": {"Vendido por:": "Rosani Porto Larroyd", "Email:": "rosani.l@ufsc.br"}, "advertisement_details": {"Logradouro, nº": "RUA JÕAO CANCIO DOS SANTOS", "Complemento": "190", "Bairro": "PANTANAL", "Cidade": "FLORIANOPOLIS", "Gênero": "Masculino", "Preço": "1200,00", "Água, cond. e IPTU inclusos?": "CONDOMINIO, IPTU E INTERNET INCLUSO", "Lavanderia disponível?": "SIM", "Conexão c/Internet?": "SIM", "Permitido animais?": "NAO", "Anúncio nº:": "209249", "Visualizações:": "20", "Anúncio expira:": "09/11/2023 (em 29 dias)", "Adicionado:": "10/10/2023"}}
{"category": "Kitnets ofertadas pelo proprietário para Aluguel", "link": "https://classificados.inf.ufsc.br/detail.php?id=209248", "date": "2023-10-10", "title": "\nAluga-se kitnet individual mobiliada próxima a...", "description": "Aluga-se kitnet individual mobiliada a 900 metros da UFSC.\n\r\nNão há contrato nem caução.\n\r\nTudo está incluído no valor do aluguel.", "general_details": {"Vendido por:": "João Vitor Costa Lovato", "Email:": "Contatar Vendedor"}, "advertisement_details": {"Logradouro, nº": "Rua radialista Carlos Alberto Campos 170", "Bairro": "Trindade", "Cidade": "Florianópolis", "Preço": "750,00", "Água, cond. e IPTU inclusos?": "Sim", "Lavanderia disponível?": "Não", "Conexão c/Internet?": "Sim", "Permitido animais?": "Não", "Anúncio nº:": "209248", "Visualizações:": "33", "Anúncio expira:": "09/11/2023 (em 29 dias)", "Adicionado:": "10/10/2023"}}
