{"category": "Outros Serviços", "link": "https://classificados.inf.ufsc.br/detail.php?id=209013", "date": "2023-09-18", "title": "\nFreelancer - Serviços Departamento Fiscal", "description": "Se sua empresa está com muita demanda e precisa de auxílio nos lançamentos de notas, apurações de impostos e entrega de declarações. Entre em contato.\n\r\nAline (48) 999229518\n\n", "general_details": {"Vendido por:": "Aline Maria dos Santos", "Email:": "Contatar Vendedor"}, "advertisement_details": {"Anúncio nº:": "209013", "Visualizações:": "42", "Anúncio expira:": "18/10/2023 (em 7 dias)", "Adicionado:": "18/09/2023"}}
{"category": "Aulas Particulares  Línguas -  Inglês", "link": "https://classificados.inf.ufsc.br/detail.php?id=209012", "date": "2023-09-18", "title": "\nAulas de conversação em inglês para manter o...", "description": "Para você que precisa de alguém para conversar em inglês para praticar, manter o contato com o idioma, ou até mesmo para aumentar o vocabulário, chegou no lugar certo!\r\nAqui você poderá praticar o inglês falando de vários assuntos, e também praticar a escuta, se um dia você pretende viajar para fora e entender vídeos em inglês.\n\r\n* Também leciono de forma \"tradicional\" cujo foco não é a conversação, você pode entrar em contato para mais informações", "general_details": {"Vendido por:": "Fábio Mitsuo Kimura", "Email:": "Contatar Vendedor"}, "advertisement_details": {"Anúncio nº:": "209012", "Visualizações:": "13", "Anúncio expira:": "18/10/2023 (em 7 dias)", "Adicionado:": "18/09/2023"}}
{"category": " Transportes e Fretes", "link": "https://classificados.inf.ufsc.br/detail.php?id=209011", "date": "2023-09-18", "title": "\nPEQUENOS E MÉDIOS FRETES! (48)99192-4556", "description": "TRANSPORTES EM GERAL COM DESMONTAGEM E MONTAGEM DE MÓVEIS.\n\r\nATENDIMENTO NA REGIÃO DE FLORIPA E VIAGENS PARA TODA REGIÃO SUL E SUDESTE.\n\r\nFORNEÇO NOTA FISCAL DE SERVIÇO.\n\r\n(48)99192-4556.", "general_details": {"Vendido por:": "Endrigo Ribeiro Moraes", "Email:": "Contatar Vendedor"}, "advertisement_details": {"Anúncio nº:": "209011", "Visualizações:": "25", "Anúncio expira:": "17/12/2023 (em 67 dias)", "Adicionado:": "18/09/2023"}}
{"category": " Guarda-roupas, Roupeiros e Armários", "link": "https://classificados.inf.ufsc.br/detail.php?id=209008", "date": "2023-09-18", "title": "\nGuarda Roupas Casal", "description": "Vendo Guarda Roupa casal usado, mas em bom estado.\n\r\nFazer retirada na Trindade, desmontagem por conta do comprador.\n\r\nInteressados falar com Tiago (11) 99859-7138", "general_details": {"Vendido por:": "Tiago Ferreira Fernandes", "Email:": "Contatar Vendedor"}, "advertisement_details": {"Preço": "70", "Anúncio nº:": "209008", "Visualizações:": "144", "Anúncio expira:": "18/10/2023 (em 7 dias)", "Adicionado:": "18/09/2023"}}
{"category": "Outras Coisas para Cozinha", "link": "https://classificados.inf.ufsc.br/detail.php?id=209006", "date": "2023-09-18", "title": "\nBanco baixo", "description": "Seminovos, dois.\n\r\nhttps://www.magazineluiza.com.br/banqueta-taly-na-cor-preta-em-polipropileno-e-empilhavel-gardenlife/p/djh22hf650/mo/moba/", "general_details": {"Vendido por:": "Roger Icaro Teodoro Krieger", "Email:": "Contatar Vendedor"}, "advertisement_details": {"Preço": "70,00", "Anúncio nº:": "209006", "Visualizações:": "48", "Anúncio expira:": "18/10/2023 (em 7 dias)", "Adicionado:": "18/09/2023"}}
{"category": " Coisas para Escritório", "link": "https://classificados.inf.ufsc.br/detail.php?id=209005", "date": "2023-09-18", "title": "\nPrateleira Tok&Stok", "description": "Tipo industrial.\n\r\nDuas. Há dois suportes adicionais que não foram instalados.", "general_details": {"Vendido por:": "Roger Icaro Teodoro Krieger", "Email:": "Contatar Vendedor"}, "advertisement_details": {"Preço": "300,00", "Anúncio nº:": "209005", "Visualizações:": "93", "Anúncio expira:": "18/10/2023 (em 7 dias)", "Adicionado:": "18/09/2023"}}
{"category": " Bicicletas e Acessórios", "link": "https://classificados.inf.ufsc.br/detail.php?id=209003", "date": "2023-09-18", "title": "\nCopenhague Soul, 17, híbrida", "description": "Com alforges de 56 L da Northpak, bagageiro traseiro e paralamas.\n\r\nManutenção em dia.", "general_details": {"Vendido por:": "Roger Icaro Teodoro Krieger", "Email:": "Contatar Vendedor"}, "advertisement_details": {"Preço": "1400,00", "Anúncio nº:": "209003", "Visualizações:": "44", "Anúncio expira:": "18/10/2023 (em 7 dias)", "Adicionado:": "18/09/2023"}}
{"category": "Aulas Particulares  Línguas -  Português", "link": "https://classificados.inf.ufsc.br/detail.php?id=209000", "date": "2023-09-18", "title": "\nPortuguese for Foreigners", "description": "- Learn Portuguese Fast and Easy, all Levels.\r\n- Methodology focused on Conversation. \r\n- Learn real-life Portuguese and be prepared for new opportunities and challenges.\r\n- Individual Classes and Small Groups.\r\n- Home Office Portuguese Online.\r\n- Portuguese for English Speakers.\r\n- Schedule your trial class without commitment.\n\r\nProfessor Enrie  \r\n48.98829.4962 Whatsapp\r\nEmail: pro.english.ca@gmail.com\r\nProfessor Enrie  LinkedIn", "general_details": {"Vendido por:": "Renan Zimermann Constante", "Email:": "Contatar Vendedor"}, "advertisement_details": {"Anúncio nº:": "209000", "Visualizações:": "14", "Anúncio expira:": "18/10/2023 (em 7 dias)", "Adicionado:": "18/09/2023"}}
{"category": "Aulas Particulares  Línguas -  Inglês", "link": "https://classificados.inf.ufsc.br/detail.php?id=208999", "date": "2023-09-18", "title": "\nProfessor Nativo English Conversation Class", "description": "- Professor Americano da Califórnia E.U.A.\r\n- Inglês Americano e Britânico.\r\n- Aprenda Inglês Rápido e Fácil, todos os Níveis.\r\n- Metodologia com foco na conversação em inglês, para Viagem, Negócios, Trabalho.\r\n- Aprenda o inglês da vida real e esteja preparado para novas oportunidades e desafios.\r\n- Technical English Vocabulary and Grammar.\r\n- Aulas Individuais e Pequenos Grupos.\r\n- Home Office Inglês Online.\r\n- Agende sua aula experimental sem compromisso.\n\r\nProfessor Enrie  \r\n48.98829.4962 Whatsapp\r\nEmail: pro.english.ca@gmail.com\r\nProfessor Enrie  LinkedIn", "general_details": {"Vendido por:": "Renan Zimermann Constante", "Email:": "Contatar Vendedor"}, "advertisement_details": {"Anúncio nº:": "208999", "Visualizações:": "13", "Anúncio expira:": "18/10/2023 (em 7 dias)", "Adicionado:": "18/09/2023"}}
