{"category": " Aparellhos e Acessórios para Estética", "link": "https://classificados.inf.ufsc.br/detail.php?id=209082", "date": "2023-09-24", "title": "\nEscova secadora nova ", "description": "Olá!\n\r\nVendo escova secadora modeladora NOVA da marca C&B, potência 1000W, três velocidades.\r\nEstou vendendo após ter recebido a compra na semana passada sem nunca ter usado, pois a voltagem é 127V.\n\r\nPreço de compra: 80,00.\r\nRetirar na Trindade.\n\r\nMais infos: 48 99683-8128", "general_details": {"Vendido por:": "Anne Natalie Prigol", "Email:": "Contatar Vendedor"}, "advertisement_details": {"Preço": "80,00", "Anúncio nº:": "209082", "Visualizações:": "31", "Anúncio expira:": "24/10/2023 (em 13 dias)", "Adicionado:": "24/09/2023"}}
{"category": " Aparelhos de Som e Imagem", "link": "https://classificados.inf.ufsc.br/detail.php?id=209080", "date": "2023-09-24", "title": "\nSmart tv 49” 4K", "description": "Smart TV Led 49 polegadas\r\nResolução: 4K (3840×2160)\r\nMotion Rate: 120Hz\r\nConexões\r\nWi-Fi\r\nBluetooth\r\nPortas de Entrada e Saída\r\nHDMI: 03 Portas\r\nUSB: 02 Portas\r\nEntrada de Vídeo Componente: 01 Entrada\r\nEntrada de Vídeo Composto: 01 Entrada (uso comum para componente)\r\nEntrada LAN: 01 Porta\r\nSaída de cabo optíco digital: 01 Saída\r\nCabo / Antena: 01 Entrada\r\nHDMI ARC\r\nHDMI Quick Switch\r\nAnynet+ (HDMI-CEC)\r\nÁudio\r\nDolby Digital Plus\r\nDTS Codec\r\nTipo de alto falante: 02 canais\r\nMultiroom Link\r\nTV SoundConnect\r\nSuporte a headset Bluetooth\r\nClose caption\r\nOutros Recursos\r\nGravação de conteúdo de sinal aberto em Pendrive\r\nHDR Premium\r\nTipo de contraste: Mega Contraste\r\nMicro Dimming: UHD Dimming\r\nPurColor\r\nAuto Depth Enhancer\r\nContrast Enhancer\r\nAuto Motion Plus\r\nModo Filme\r\nAplicativos\r\nApp Sport TV\n\r\nPosso entregar na região da UFSC", "general_details": {"Vendido por:": "Talita Leite", "Email:": "floripatata@yahoo.com.br"}, "advertisement_details": {"Preço": "1600", "Anúncio nº:": "209080", "Visualizações:": "59", "Anúncio expira:": "24/10/2023 (em 13 dias)", "Adicionado:": "24/09/2023"}}
