{"category": "Imóveis ofertados via Corretor para Venda", "link": "https://classificados.inf.ufsc.br/detail.php?id=209237", "date": "2023-10-06", "title": "\nREF: 912 - PRAÇA BERMAN - -2 QUARTOS COM VAGA", "description": "(48) 99635-0750 REGIANE - CRECI 24857F\n\r\nExcelente oportunidade no bairro Córrego Grande, em frente a charmosa Praça Berman. Ótimo apartamento com 68 m² privativos, sendo 02 dormitórios, sala dois ambientes com sacada, cozinha com armários planejados, área de serviço com tanque e aquecedor à gás,  banheiro social completo e uma vaga de garagem coberta, privativa e livre.\n\r\nCondomínio com torre única, portaria automatica, elevador, salão de festas, garagens privativas e cobertas com portão automático. \n\r\nImóvel alugado, necessário agendar visitas com antecedência.\n\r\nEntre em contato e agende sua visita com um dos nossos corretores.\n\r\nPrestamos consultoria, assessoria e acompanhamento para obtenção do Financiamento Habitacional e liberação dos recursos vinculados do FGTS.\n\r\nToda e qualquer decisão de compra não deve se basear nas fotos divulgadas, mas sim, na realização de visita presencial ao imóvel. \n\r\nOs preços, condições e informações acima exibidos, poderão sofrer mudanças sem prévio aviso. Por este motivo deverão ser confirmados. \n\n\n\n", "general_details": {"Vendido por:": "Regiane de Fátima Perdoncini Balzer", "Email:": "regibalzerr@gmail.com"}, "advertisement_details": {"Bairro": "CÓRREGO GRANDE", "Cidade": "FLORIANÓPOLIS", "Preço": "550.000,00", "Anúncio nº:": "209237", "Visualizações:": "48", "Anúncio expira:": "05/11/2023 (em 25 dias)", "Adicionado:": "06/10/2023"}}
{"category": " Ofertas de Quartos/Vagas - Carvoeira", "link": "https://classificados.inf.ufsc.br/detail.php?id=209236", "date": "2023-10-06", "title": "\nQuarto com Closet em república MASCULINA a 300...", "description": "Alugo quarto em república masculina\n\r\nCama box de casal, mesa de estudos e Closet\n\r\nCasa com 6 quartos, uma cozinha com geladeira e frigobar, área de serviço compartilhada com 2 máquinas de lavar, 2 banheiros.\n\r\nValor do aluguel para UMA pessoa\r\n+ rateio de água e luz\n\r\nNão é permitido Pets\n\r\nNão é permitido fumar\n\r\nContrato simples, direto com locatário\n\r\nCaso tenha interesse, preencher o formulário:\n\r\nhttps://docs.google.com/forms/d/1qgs_f4MD9gwl2kVIAqPX6ayQ6G1_fySCC1xs1F6FpYg/edit\n\r\nE entrar em contato com (48) 99104 9710", "general_details": {"Vendido por:": "Jaqueline Fernandes Silva", "Email:": "Contatar Vendedor"}, "advertisement_details": {"Logradouro, nº": "Rua Nadir Machado de Souza, 75", "Complemento": "casa", "Bairro": "Carvoeira", "Cidade": "Florianópolis", "Gênero": "Feminino", "Preço": "1.000,00 + rateio", "Água, cond. e IPTU inclusos?": "Não", "Lavanderia disponível?": "Sim", "Conexão c/Internet?": "Sim", "Permitido animais?": "Não", "Anúncio nº:": "209236", "Visualizações:": "31", "Anúncio expira:": "05/11/2023 (em 25 dias)", "Adicionado:": "06/10/2023"}}
{"category": " Transportes e Fretes", "link": "https://classificados.inf.ufsc.br/detail.php?id=209235", "date": "2023-10-06", "title": "\nFRETES Alex 4884713266 ", "description": "Desmontagem e montagem de moveis ha 15 anos\r\nTodo tipo transporte venha fazer seu orçamento grátis\r\nWhatsApp 4884713266 contato so pelo WhatsApp ", "general_details": {"Vendido por:": "Isadora Igiski Baron", "Email:": "Contatar Vendedor"}, "advertisement_details": {"Anúncio nº:": "209235", "Visualizações:": "5", "Anúncio expira:": "05/11/2023 (em 25 dias)", "Adicionado:": "06/10/2023"}}
