{"category": " Ofertas de Quartos/Vagas - Pantanal", "link": "https://classificados.inf.ufsc.br/detail.php?id=209042", "date": "2023-09-20", "title": "\nVaga no Condomínio Athenas Park", "description": "  Quarto disponível no condomínio Athenas Park.  \n\r\nO condomínio é localizado em frente a UFSC, na rua principal do bairro Pantanal, e conta com piscina, quadra de esportes, academia, salão de jogos, biblioteca, parquinho infantil, cinema, salão de festas, espaço gourmet e segurança 24 horas.\n\r\nO apartamento possui mobília completa e o quarto disponível conta com cama de casal e guarda roupa.  \n\r\nAo todo são 3 quartos. Atualmente, moramos eu, uma amiga e meu cachorro. Ele é de pequeno porte e muito carinhoso. Não solta pelos e faz suas necessidades em sua própria privada.\n\r\nHá dois banheiros no apartamento. A pessoa que for morar aqui, irá dividir um deles com minha amiga.\n\r\n O valor de R$1.600,00 engloba todas as despesas do apartamento, com exceção da faxina.  \n\r\nPara maiores informações, me mande uma mensagem através do endereço rafaelrodriguesss@hotmail.com\n\r\nObrigado!", "general_details": {"Vendido por:": "Rafael Rodrigues de Souza", "Email:": "rafaelrodriguesss@hotmail.com"}, "advertisement_details": {"Logradouro, nº": "Deputado Antônio Edu Vieira, 1422", "Bairro": "Pantanal", "Cidade": "Florianópolis", "Gênero": "Masculino, Feminino", "Preço": "R$1.600,00", "Água, cond. e IPTU inclusos?": "Sim", "Lavanderia disponível?": "Sim", "Conexão c/Internet?": "Sim", "Anúncio nº:": "209042", "Visualizações:": "371", "Anúncio expira:": "20/10/2023 (em 9 dias)", "Adicionado:": "20/09/2023"}}
{"category": " Ofertas de Quartos/Vagas - Pantanal", "link": "https://classificados.inf.ufsc.br/detail.php?id=209041", "date": "2023-09-20", "title": "\nQuarto com sacada mobiliado próximo a UFSC", "description": "Alugo quarto com sacada em república masculina no bairro Pantanal, cerca de 600 m da UFSC (Centro de Desportos). A casa, tipo chalé bem arejada, contém 3 quartos e 1 suíte, cozinha completa com armários, geladeira, fogão, forno micro-ondas, um banheiro para uso dos 3 quartos, sala com sofá e mesa de jantar e área de serviço com tanque, armário e 2 máquinas de lavar.\r\nLocaliza-se em frente à Eletrosul numa subida cerca de 400 m desta, na Rua Antônio Francisco da Silveira, 373 - Casa, Pantanal.\n\r\nAnúncio referente ao quarto superior frontal com sacada, contendo uma cama de solteiro 88 cm de largura, colchão, guarda-roupa, escrivaninha, cadeira, cabideiro e espelho.\n\r\nO valor de R$ 800,00 é para uma pessoa e já inclui internet coletiva, luz, esgoto, água e IPTU. Exceto o gás do fogão que é rateado entre os moradores da casa.\n\r\nO contrato é preferencialmente anual e com comprovação de renda mínima de 2x o valor do aluguel, podendo ser de um fiador caso o estudante não disponha.\r\nTaxa de manutenção única no valor de R$ 400 na assinatura do contrato.\n\r\nExiste estacionamento para moto.\n\r\nContate-me via cel tim/whatsapp: (48) 99968-3039 - Zaira :)", "general_details": {"Vendido por:": "Zaira Fabrício Kraus", "Email:": "Contatar Vendedor"}, "advertisement_details": {"Logradouro, nº": "Rua Rua Antônio Francisco da Silveira, 373", "Complemento": "Casa - Quarto superior frontal", "Bairro": "Pantanal", "Cidade": "Florianópolis", "Gênero": "Masculino", "Preço": "800", "Água, cond. e IPTU inclusos?": "Sim", "Lavanderia disponível?": "Sim", "Conexão c/Internet?": "Sim", "Permitido animais?": "Não", "Anúncio nº:": "209041", "Visualizações:": "499", "Anúncio expira:": "20/10/2023 (em 9 dias)", "Adicionado:": "20/09/2023"}}
{"category": "Kitnets ofertadas pelo proprietário para Aluguel", "link": "https://classificados.inf.ufsc.br/detail.php?id=209037", "date": "2023-09-20", "title": "\nSTUDIO_AGRONOMICA", "description": "STUDIO PARA MULHERES - ESTUDANTES\n\r\nSTUDIO  PRÓXIMAS AO CIC\n\r\nTRATAR VIA WHATSAPP: 48 9.9165-1177\n\r\nIPTU E CONDOMÍNIO INCLUSOS;\n\r\nINTERNET – CORTESIA\n\r\nR$1500,00 mensais + energia + água\r\n(com ar-condicionado R$1600,00)\n\r\nSTUDIO APENAS PARA UMA PESSOA;\r\nPOSSUI AR CONDICIONADO, GELADEIRA, FOGÃO ELÉTRICO, ARMÁRIO COM PIA, GUARDA-ROUPA, MESA, CADEIRA, CORTINA NAS JANELAS,.....\n\r\nCONTRATO (ALUGUEL PAGO MENSALMENTE DE FORMA ANTECIPADA);\r\nGARANTIA DE UM ALUGUEL (NOTA PROMISSÓRIA)\r\nNÃO PERMITIMOS O USO DE DROGAS (CONDIÇÃO DE RESCISÃO CONTRATUAL);\r\nNÃO PERMITIMOS ANIMAIS;\n\r\nIMÓVEL ENTRE A UFSC E O CENTRO, RUA PLANA, SEM NECESSIDADE DE SUBIR MORRO;\n\r\nPRÓXIMO À ACADEMIA, MERCADOS, FARMÁCIA, POSTO DE SAÚDE, RESTAURANTE, HORTIFRÚTI, POSTO DE COMBUSTÍVEL, ,...\n\r\nTRATAR VIA WHATSAPP: 48 9.9165-1177", "general_details": {"Vendido por:": "Marcondes Mendes da Silva Junior", "Email:": "Contatar Vendedor"}, "advertisement_details": {"Logradouro, nº": "RUA DELMINA SILVEIRA", "Complemento": "RUA PLANA", "Bairro": "AGRONOMICA", "Cidade": "Florianópolis", "Preço": "1500", "Água, cond. e IPTU inclusos?": "SIM, EXCETO ÁGUA", "Lavanderia disponível?": "SIM, DENTRO DO IMÓVEL", "Conexão c/Internet?": "SIM_CORTESIA", "Permitido animais?": "NÃO", "Anúncio nº:": "209037", "Visualizações:": "295", "Anúncio expira:": "20/10/2023 (em 9 dias)", "Adicionado:": "20/09/2023"}}
{"category": "Aulas Particulares  Línguas -  Inglês", "link": "https://classificados.inf.ufsc.br/detail.php?id=209035", "date": "2023-09-20", "title": "\nMétodo prático com material online e gratuito!", "description": "Olá!\n\r\nJá pensou em aprender Inglês sem nunca morar fora?\n\r\nQue tal criar outra relação com o Inglês e aprender uma muito mais prática e natural?\n\n\n\r\nEu ofereço um método muito prático, focado em desenvolver sua capacidade de compreender e se expressar em Inglês com eficiência!\n\n\r\nTambém tenho técnicas para \"destravar\" a fala e para trabalhar o medo de falar o idioma além de te ajudar a entender conteúdos variados no idioma como filmes, palestras e etc.\n\n\r\nVamos aprender Inglês de um jeito diferente?!\n\n\r\nOutros diferenciais:\r\n- Sem gasto com material\r\n- Pare quando quiser\r\n- Treinamento para casa feito sob medida\r\n- Horários flexíveis\n\n\r\nAgende uma aula experimental sem compromisso!\n\r\nContatos:\n\r\nInstagram:\r\n@jminglestecnico\n\r\nWhatsapp:\r\n11 98061-7966\n\r\nE-mail\r\nteacherjmartins@gmail.com", "general_details": {"Vendido por:": "João Gustavo Aragão Martins", "Email:": "Contatar Vendedor"}, "advertisement_details": {"Anúncio nº:": "209035", "Visualizações:": "17", "Anúncio expira:": "20/10/2023 (em 9 dias)", "Adicionado:": "20/09/2023"}}
{"category": "Livros em Geral (Romances, Ficção, etc)", "link": "https://classificados.inf.ufsc.br/detail.php?id=209034", "date": "2023-09-20", "title": "\nLivros Colleen Hoover", "description": "Livros:\r\nNovembro, 9\r\nTarde demais \r\nÉ assim que começa \r\nÉ assim que acaba\n\r\nCada livro R$ 20,00\n\r\nContato: (14) 99136-6248", "general_details": {"Vendido por:": "Paula de Oliveira Dobkowski Longo", "Email:": "Contatar Vendedor"}, "advertisement_details": {"Preço": "20,00", "Anúncio nº:": "209034", "Visualizações:": "9", "Anúncio expira:": "20/10/2023 (em 9 dias)", "Adicionado:": "20/09/2023"}}
