{"category": "Aptos Ofertados pelo Proprietário para Aluguel", "link": "https://classificados.inf.ufsc.br/detail.php?id=209176", "date": "2023-09-30", "title": "\nApto de 1 dormit, Mobiliado na Trindade", "description": "Apartamento semi-mobiliado, a 25 min da UFSC a pé, aluguel direto com o dono.\r\n•Apto recém construído, para estudante em residencial familiar.\r\n•São 3 cômodos com mobília, Cozinha e Sala conjugada, quarto e banheiro com Lavanderia junto.\r\n•Energia individual, você só paga àquilo que consumir\r\n•Sem cobrança extra de condomínio\r\n•Sem cobrança de Água e Esgoto\r\n•Sem cobrança de IPTU e Coleta de Lixo\r\n•Internet banda larga FREE\r\n•Se desejar pode ser solicitado Internet com operada da preferência.\r\n•Não possui máquina de lavar mas tem conexão para instalar.\r\n•Não tem o botijão é necessário trazer.\n\r\nLocalizada na Rua José Francisco Dias Areias, 402 Trindade\r\nContato: Salete (48)9969-3161 (whatsapp)\n\r\n*** Nas fotos está faltando a mesa na cozinha e armário no quarto\n", "general_details": {"Vendido por:": "Pedro Monteiro Franco", "Email:": "Contatar Vendedor"}, "advertisement_details": {"Logradouro, nº": "Rua José Francisco Dias Areias, 402", "Bairro": "Trindade", "Cidade": "Florianópolis", "Preço": "R$1.600,00", "Água, cond. e IPTU inclusos?": "Sim", "Lavanderia disponível?": "Sim - Sem Máquina", "Conexão c/Internet?": "Sim", "Permitido animais?": "Não", "Anúncio nº:": "209176", "Visualizações:": "502", "Anúncio expira:": "30/10/2023 (em 19 dias)", "Adicionado:": "30/09/2023"}}
{"category": "Hospedagens por Diária", "link": "https://classificados.inf.ufsc.br/detail.php?id=209174", "date": "2023-09-30", "title": "\nCasa próxima a praia", "description": "Casa arejada toda mobiliada, bem iluminada, 02 quartos, cozinha e sala conjugadas em amplo espaço aconchegante. Banheiro, sala de banho e lavabo. Ar condicionado em 01 quarto, internet WI FI com boa conexão, situada a 1,5 km da praia e 25 Km da UFSC. A menos de 5 minutos da parada de ônibus.\r\nRua tranquila, supermercado e comércio próximos, ideal para quem vem a estudo ou trabalho e deseja morar bem e em local sossegado.\r\nComodidades: utensílios domésticos, roupa de cama, ferro de passar roupa.\r\nPeríodo mínimo de aluguel: 05 noites\r\nPeríodo máximo de aluguel: 60 dias \r\nNúmero máximo de hóspedes: 03 (três)\r\nValor diária: 260,00/dia\r\nPara períodos superiores a 15 dias: valor a combinar\n", "general_details": {"Vendido por:": "Ivana Fernandes Souza", "Email:": "Contatar Vendedor"}, "advertisement_details": {"Logradouro, nº": "Servidão Francisco Paulino da Cruz", "Bairro": "Cachoeira do Bom Jesus", "Cidade": "Florianopolis", "Preço": "260,00 / dia", "Água, cond. e IPTU inclusos?": "sim", "Lavanderia disponível?": "sim", "Conexão c/Internet?": "sim", "Permitido animais?": "nao", "Anúncio nº:": "209174", "Visualizações:": "55", "Anúncio expira:": "30/10/2023 (em 19 dias)", "Adicionado:": "30/09/2023"}}
{"category": "Outros Serviços", "link": "https://classificados.inf.ufsc.br/detail.php?id=209173", "date": "2023-09-30", "title": "\nTatuagem", "description": "Venha fazer sua Tattoo\n\r\nMarque seu horário no @ananta.ink\n\r\nO estúdio fica na Rua Capitão Pedro Bruno de Lima, 47, Trindade, Florianópolis\n\r\nAgende seu horário!! ", "general_details": {"Vendido por:": "Bárbara Magnus da Silva", "Email:": "barbara.magnus@grad.ufsc.br"}, "advertisement_details": {"Anúncio nº:": "209173", "Visualizações:": "17", "Anúncio expira:": "30/10/2023 (em 19 dias)", "Adicionado:": "30/09/2023"}}
{"category": "Outros Serviços", "link": "https://classificados.inf.ufsc.br/detail.php?id=209172", "date": "2023-09-30", "title": "\nVendo Eudora e outras marcas de cosméticos", "description": "Para pedidos ou mais informações siga @lojinha_ba no Instagram ", "general_details": {"Vendido por:": "Bárbara Magnus da Silva", "Email:": "barbara.magnus@grad.ufsc.br"}, "advertisement_details": {"Anúncio nº:": "209172", "Visualizações:": "10", "Anúncio expira:": "30/10/2023 (em 19 dias)", "Adicionado:": "30/09/2023"}}
{"category": " Camas, Beliches, Colchões e Similares", "link": "https://classificados.inf.ufsc.br/detail.php?id=209170", "date": "2023-09-30", "title": "\nBicama solteiro", "description": "Conjulgado Gazin Elegance c/ auxiliar\r\n46cmx1,88x88\r\nbranca\r\nPouco uso, mas com 2 manchas amareladas.\r\nPara retirar na Trindade", "general_details": {"Vendido por:": "Ana Paula Mierzejwski Ternovski", "Email:": "Contatar Vendedor"}, "advertisement_details": {"Preço": "500,00", "Anúncio nº:": "209170", "Visualizações:": "35", "Anúncio expira:": "15/10/2023 (em 4 dias)", "Adicionado:": "30/09/2023"}}
