{"category": "Casas ofertadas pelo proprietário para Aluguel", "link": "https://classificados.inf.ufsc.br/detail.php?id=208835", "date": "2023-09-06", "title": "\nAluga-se: Casa-Escritório", "description": "Olá.\n\r\nTudo bem?\n\r\n- ALUGO: Casa-Escritório.\n\r\n- CASA: Pré-Moldada Madeira Angelim [Aconchegante & Receptiva].\n\r\n- CASA: Garagem [Até 2 Carros] - Portão Largo - Quarto - Sala-Cozinha - Banheiro.\n\r\n- MOBILIADA: Ar-Condicionado - Prateleiras - Armário - Estante - Geladeira - Pia - Fogão-Mesa - Banheiro Completo.\n\r\n- PROTEÇÃO: Toda Gradeada & Arejada.\n\r\n- LOCALIZAÇÃO [1]: Centro De Palhoça [Próximo À Praça Central].\n\r\n- LOCALIZAÇÃO [2]: Saída Para A BR-101 & BR-282.\n\r\n- LOCALIZAÇÃO [3]: Próximo A Supermercados - Sacolão - Shopping Via Catarina etc [Centro].\n\r\n- LOCALIZAÇÃO [4]: A 15-20 min Do Hospital Regional E De Floripa [Sem Trânsito] - A 30 min Das Praias Do Sul [Praia Do Sonho - Ponta Dos Papagaios - Pinheira - Guarda Do Embaú].\n\r\n- LOCALIZAÇÃO [5]: A 20 min Do Cambirela E Das Cachoeiras Da Serra Do Tabuleiro.\n\r\n- VIZINHANÇA: Ambiente Familiar [Classe-Média - Sem Música Alta E/Ou Festas].\n\r\n- PÚBLICO [1]: Advogados - Psiquiatras - Psicólogos - Terapeutas - Massagistas - Yoga - Jiu-Jitsu.\n\r\n- PÚBLICO [2]: SOMENTE Para Inquilinos HONESTOS.\n\r\n- PÚBLICO [3]: SOMENTE Para Inquilinos SEM PASSAGEM Pela Polícia - Sem Ficha Criminal [CPF Consultado].\n\r\n- PROIBIDO: Drogas - Música Alta - Bagunça - Desavença.\n\r\n- INCLUSO: Internet [300mg & Água].\n\r\n- NÃO INCLUSO: Luz.\n\r\n- PAGAMENTO: Sem Contrato [Valor/Mês Adiantando].\n\r\n- VALOR: R$ 1500/Mês [Aumento Semestral: R$ 200].\n\r\n- CONTATO: Leandro  +55 (48) 9. 9952-0025 [VISITA OU FOTOS].\n\r\n*OBS.: Avarias Do Imóvel/Móveis Ou Manutenção Da Casa Fica Sob Responsabilidade Financeira Do Inquilino/Ocupante.\n\r\n*OBS.[2]: Não Me Responsabilizo Por Furtos [Internos E/Ou Externos].\n\r\n*OBS.[3]: Inquilino Pode Efetuar Melhorias Ou Aprimoramentos Conforme Gosto. \n\r\n*OBS.[3]: Qualquer Tipo De Atraso Financeiro Não Será Admitido [Despejo Imediato]. \n\r\nGrato Por Ler Esta Mensagem.", "general_details": {"Vendido por:": "Leandro Vidal", "Email:": "Contatar Vendedor"}, "advertisement_details": {"Preço": "1500", "Anúncio nº:": "208835", "Visualizações:": "261", "Anúncio expira:": "05/11/2023 (em 25 dias)", "Adicionado:": "06/09/2023"}}
{"category": " Ofertas de Quartos/Vagas - Itacorubi", "link": "https://classificados.inf.ufsc.br/detail.php?id=208831", "date": "2023-09-06", "title": "\nQUARTO PARA ALUGAR NO ITACORUBI ", "description": "Oii, pessoal! Eu e minha amiga Thaís estamos em busca de uma terceira menina para dividir um apartamento bem localizado no Itacorubi, próximo do CCA, UDESC e comércio. \n\r\nEstamos buscando uma menina que trabalhe e/ou estude, responsável, e que queria além de dividir o mesmo teto,  ter mais duas amigas para fazer do apê um lar.\n\r\nSobre o aluguel e valores:  \n\r\nO apartamento é MOBILIADO. O quarto é menor do apto (mas cabe tranquilo uma cama de casal e escrivaninha)  e já possui o guarda-roupa que está na foto. O condomínio conta com estacionamento, salão de festa, churrasqueira, bicicletário, Portaria 24h, quadra e playground. O aluguel+ luz+ água+ internet+ condomínio gira em torno de= R$ 875. \n\r\nInteressadas podem entrar em contato por aqui ou pelo número\r\n(48) 98801-6450 (Renata)", "general_details": {"Vendido por:": "Laize Pereira Pickler", "Email:": "Contatar Vendedor"}, "advertisement_details": {"Logradouro, nº": "Rod. Amaro Antônio Viêira, 2008", "Complemento": "Condomínio Itacorubi II", "Bairro": "Itacorubi", "Cidade": "Florianópolis", "Gênero": "Feminino", "Preço": "875,00", "Anúncio nº:": "208831", "Visualizações:": "811", "Anúncio expira:": "21/10/2023 (em 10 dias)", "Adicionado:": "06/09/2023"}}
