{"category": " Coisas para Área de Serviço", "link": "https://classificados.inf.ufsc.br/detail.php?id=209098", "date": "2023-09-25", "title": "\nLavadora Semiautomática 12kg Newmaq", "description": "Possui capacidade de lavagem de 12kg e 9 programas de lavagem, entre eles estão o delicado, econômico e pesado. Ideal para quem gosta de cuidar das roupas mas não abre mão de economizar. Pois com a entrada de água manual você controle a quantidade de água necessária e sempre que terminar você pode reaproveitar a água para limpeza geral da casa.\n\r\nMotivo: comprei maquina faz tudo e quero vender essa pois está ocupando espaço, está nova, usada poucas vezes, não apresenta nem um problema.", "general_details": {"Vendido por:": "Mauricio Gabriel Forster", "Email:": "Contatar Vendedor"}, "advertisement_details": {"Preço": "$ 250,00", "Anúncio nº:": "209098", "Visualizações:": "48", "Anúncio expira:": "25/10/2023 (em 14 dias)", "Adicionado:": "25/09/2023"}}
{"category": " Estantes, Hacks e Similares", "link": "https://classificados.inf.ufsc.br/detail.php?id=209096", "date": "2023-09-25", "title": "\nRack ", "description": "Rack com porta de correr.\r\nEm bom estado.", "general_details": {"Vendido por:": "Vivian de Camargo Coronato", "Email:": "Contatar Vendedor"}, "advertisement_details": {"Preço": "100", "Anúncio nº:": "209096", "Visualizações:": "103", "Anúncio expira:": "25/10/2023 (em 14 dias)", "Adicionado:": "25/09/2023"}}
{"category": "Aptos Ofertados pelo Proprietário para Aluguel", "link": "https://classificados.inf.ufsc.br/detail.php?id=209095", "date": "2023-09-25", "title": "\nKit/próximo ao CTC UFSC", "description": "Aluga-se kitnet há 600 metros da UFSC, no bairro Córrego Grande, na rua Ana Maria Nunes, número 202 fundos.\r\n- Contém cozinha e área de serviço.\r\n- Bem arejada e mobiliada.\r\n- Sem garagem.\r\n- Não aceito animais de estimação.\r\nObs: Aluguel somente para uma pessoa.\r\nSobre o valor, a tratar com o proprietário Beto no número (48) 99936-8734.", "general_details": {"Vendido por:": "Leticia Ferreira", "Email:": "Contatar Vendedor"}, "advertisement_details": {"Logradouro, nº": "Rua Ana Maria Nunes", "Bairro": "Córrego Grande", "Cidade": "Florianópolis", "Preço": "A tratar", "Permitido animais?": "Não", "Anúncio nº:": "209095", "Visualizações:": "735", "Anúncio expira:": "25/10/2023 (em 14 dias)", "Adicionado:": "25/09/2023"}}
{"category": "Casas ofertadas pelo proprietário para Aluguel", "link": "https://classificados.inf.ufsc.br/detail.php?id=209094", "date": "2023-09-25", "title": "\nAlugo Chalé na Serrinha", "description": "Alugo belíssimo CHALÉ com 51m², novinho, semi mobiliado, para até duas pessoas, preferência pós graduandos. Possui 1 banheiro, fogão, pia e balcões de cozinha, mesa com 4 cadeiras, rack para TV, lavanderia com máquina de lavar, sacada com bela vista para a UFSC.  Vaga descoberta para carro. Local bem tranquilo em final de rua. Casa única no terreno.\r\nContrato anual direto com o proprietário.\r\nNo aluguel está incluso água e IPTU.\r\nContato 48 98457-0646", "general_details": {"Vendido por:": "Thiago Valenza de Sousa", "Email:": "Contatar Vendedor"}, "advertisement_details": {"Logradouro, nº": "Servidão Domingos de Souza, 86", "Complemento": "Condomínio Domingos de Souza", "Bairro": "Trindade", "Cidade": "Florianópolis", "Preço": "1900,00", "Água, cond. e IPTU inclusos?": "sim água e IPTU", "Lavanderia disponível?": "sim com máquina de lavar", "Conexão c/Internet?": "não", "Permitido animais?": "não", "Anúncio nº:": "209094", "Visualizações:": "336", "Anúncio expira:": "25/10/2023 (em 14 dias)", "Adicionado:": "25/09/2023"}}
{"category": " Guarda-roupas, Roupeiros e Armários", "link": "https://classificados.inf.ufsc.br/detail.php?id=209093", "date": "2023-09-25", "title": "\nGuarda-roupa em bom estado", "description": "Vendo guarda-roupa com 1 ano de uso em bom estado.\r\nDimensões:\r\nProfundidade 54,5 cm\r\nAltura 2,45 m\r\nLargura 1,85 m\n\r\nNÃO ENTREGO\r\nNÃO ACEITO TROCAS\r\nO comprador deverá vir desmontar o armário para transportar, pois o mesmo está no segundo andar de um sobrado e a escada é estreita (ver última foto)\r\nLocal: Córrego Grande, próximo ao Imperatriz. Retirar preferencialmente fora do horário comercial.\r\nContato: (54) 98438-3878 (zap)", "general_details": {"Vendido por:": "Gabriel Scopel de Lima", "Email:": "Contatar Vendedor"}, "advertisement_details": {"Preço": "300", "Anúncio nº:": "209093", "Visualizações:": "83", "Anúncio expira:": "25/10/2023 (em 14 dias)", "Adicionado:": "25/09/2023"}}
{"category": " Roupas", "link": "https://classificados.inf.ufsc.br/detail.php?id=209092", "date": "2023-09-25", "title": "\nTraje social completo", "description": "Sapato Pepedo (40), camisa Ralph Lauren (Lilás), terno Karachi (preto), gravata chinesa (prata), cinto Fasolo (95).\n\r\nRecomendado pra quem tem entre 1,75-1,80 m (modelagem 'slim').", "general_details": {"Vendido por:": "Roger Icaro Teodoro Krieger", "Email:": "Contatar Vendedor"}, "advertisement_details": {"Preço": "300,00", "Anúncio nº:": "209092", "Visualizações:": "22", "Anúncio expira:": "25/10/2023 (em 14 dias)", "Adicionado:": "25/09/2023"}}
{"category": " Ofertas de Quartos/Vagas - Pantanal", "link": "https://classificados.inf.ufsc.br/detail.php?id=209089", "date": "2023-09-25", "title": "\nQuarto individual em casa", "description": "Olá :) Temos um quarto vago em nossa casa, localizada no bairro Pantanal, perto da Eletrosul e a 5 minutos da UFSC. Moramos no térreo de uma casa de dois pisos, em um lugar tranquilo. A casa localiza-se antes de uma escadaria e antes da rua se tornar mais íngreme, sendo de fácil acesso. Contém cozinha e sala amplas, lavanderia e banheiro coletivo (dividido entre 2 pessoas pois há um banheiro extra), além de 3 quartos. O quarto disponível já é mobiliado com cama, espelho e guarda-roupa. \r\nAs despesas são de aproximadamente R$1010,00. O valor inclui todas as despesas fixas: internet, luz, água e aluguel. Tarefas de organização da casa, gás e produtos de limpeza são compartilhados. \n\r\n*A casa não possui vaga de garagem.\n", "general_details": {"Vendido por:": "Barbara Mendes Lima", "Email:": "barbaramendeslima@outlook.com"}, "advertisement_details": {"Bairro": "Pantanal", "Cidade": "Florianópolis", "Gênero": "Masculino, Feminino", "Preço": "1010,00", "Água, cond. e IPTU inclusos?": "Sim", "Lavanderia disponível?": "Sim", "Conexão c/Internet?": "Sim", "Permitido animais?": "Não", "Anúncio nº:": "209089", "Visualizações:": "275", "Anúncio expira:": "25/10/2023 (em 14 dias)", "Adicionado:": "25/09/2023"}}
{"category": " Empregos", "link": "https://classificados.inf.ufsc.br/detail.php?id=209084", "date": "2023-09-25", "title": "\nSELECIONAMOS PSICOLOGOS E FONOAUDIÓLOGOS", "description": "Espaço Terapêutico localizado no centro de Florianópolis está selecionando profissionais de Psicologia e Fonoaudiologia para compor a equipe; para atendimentos clínicos de crianças, adolescente e adultos.\r\nCaso tenha interesse entre em contato através dos seguintes emails:\n\r\nana.januario@ufsc.br\r\nanaclaudiajanuario@hotmail.com\r\ngttrilhar2022@gmail.com", "general_details": {"Vendido por:": "Ana Claudia Januario", "Email:": "ana.januario@ufsc.br"}, "advertisement_details": {"Anúncio nº:": "209084", "Visualizações:": "42", "Anúncio expira:": "25/10/2023 (em 14 dias)", "Adicionado:": "25/09/2023"}}
