{"category": " Transportes e Fretes", "link": "https://classificados.inf.ufsc.br/detail.php?id=209238", "date": "2023-10-07", "title": "\nTRANSPORTES E FRETES 48 996201681", "description": "Fretes por toda Grande Florianópolis. Montagens e desmontagem de móveis. Ligue já:\r\nCarlos 48 996201681.", "general_details": {"Vendido por:": "Natalia Lobato de Magalhães", "Email:": "Contatar Vendedor"}, "advertisement_details": {"Anúncio nº:": "209238", "Visualizações:": "4", "Anúncio expira:": "14/10/2023 (em 3 dias)", "Adicionado:": "07/10/2023"}}
