{"category": "Eletrodomésticos em Geral", "link": "https://classificados.inf.ufsc.br/detail.php?id=208987", "date": "2023-09-17", "title": "\nSplit 12mil btu Springer ", "description": "Vendo split 12 mil BTUs em bom estado\r\nValor 500,00\r\nFone (48) 98411-5419 whatsapp ", "general_details": {"Vendido por:": "Samuel João da Silveira", "Email:": "Contatar Vendedor"}, "advertisement_details": {"Preço": "R$ 500,00", "Anúncio nº:": "208987", "Visualizações:": "20", "Anúncio expira:": "17/10/2023 (em 6 dias)", "Adicionado:": "17/09/2023"}}
