{"category": "10 - Outras Coisas", "link": "https://classificados.inf.ufsc.br/detail.php?id=208358", "date": "2023-08-10", "title": "\nAntiguidade TV Semp", "description": "\r\nAntiguidade TV SEMP . 220v. Com ótima aparência. Liga, mas acredito que tenha alguma lâmpada queimada porque não aparece a imagem", "general_details": {"Vendido por:": "Ana Mabel Ortiz", "Email:": "Contatar Vendedor"}, "advertisement_details": {"Preço": "300", "Anúncio nº:": "208358", "Visualizações:": "56", "Anúncio expira:": "08/11/2023 (em 28 dias)", "Adicionado:": "10/08/2023"}}
