{"category": "Outras Coisas para Casa", "link": "https://classificados.inf.ufsc.br/detail.php?id=208444", "date": "2023-08-15", "title": "\nBalança mecânica", "description": "Descrição: balança mecânica com regulagem para zerar a tara. Mede até 130 kg. Em ótimo estado.\r\nDimensões: 27 cm x 25 cm x 5 cm\r\nPreço: R$ 40\r\nRetirada na Carvoeira (próximo ao Moochacho). \n", "general_details": {"Vendido por:": "Estevan Hideki Murai", "Email:": "Contatar Vendedor"}, "advertisement_details": {"Preço": "40", "Anúncio nº:": "208444", "Visualizações:": "60", "Anúncio expira:": "17/10/2023 (em 7 dias)", "Adicionado:": "15/08/2023"}}
{"category": " Coisas para Escritório", "link": "https://classificados.inf.ufsc.br/detail.php?id=208443", "date": "2023-08-15", "title": "\nEscrivaninha para computador", "description": "Estado: escrivaninha com alguns detalhes nos acabamentos (ver fotos)\r\nMaterial: compensado.\r\nMedidas:\r\nLargura: 92 cm\r\nAltura: 75 cm\r\nProfundidade: 75 cm\r\nPreço: R$ 80\r\nMais fotos: https://drive.google.com/file/d/1E4dD3tLYQCOKfjXTAAGj_O47EB3zMUQe/view?usp=sharing\r\nRetirada na Carvoeira (próximo ao Moochacho). \n", "general_details": {"Vendido por:": "Estevan Hideki Murai", "Email:": "Contatar Vendedor"}, "advertisement_details": {"Preço": "80,00", "Anúncio nº:": "208443", "Visualizações:": "402", "Anúncio expira:": "14/10/2023 (em 3 dias)", "Adicionado:": "15/08/2023"}}
{"category": " Camas, Beliches, Colchões e Similares", "link": "https://classificados.inf.ufsc.br/detail.php?id=208435", "date": "2023-08-15", "title": "\nCama box de Solteiro com apenas 2 meses de uso", "description": "Estou vendendo uma cama box conjugada de solteiro.\n\r\nA cama tem apenas 2 meses de uso e o valor original ea as características da cama podem ser encontradas nesse link.\n\r\nhttps://www.casasbahia.com.br/Moveis/cama-box-conjugada-solteiro-umaflex-new-florenca-com-molas-ensacadas-55x88x188cm-marrom-bege-55045658.html?IdSku=55045658\n\r\nO valor é negociável e será necessário retirar a cama na região da Santa Mônica. Eu também posso ajudar a fazer orçamento de transporte se for o caso.\n\r\nEntra em contato comigo pelo whatsapp (86) 99587-3053", "general_details": {"Vendido por:": "Acucena Rodrigues dos Santos Soares", "Email:": "Contatar Vendedor"}, "advertisement_details": {"Preço": "350", "Anúncio nº:": "208435", "Visualizações:": "166", "Anúncio expira:": "14/10/2023 (em 3 dias)", "Adicionado:": "15/08/2023"}}
