{"category": "Imóveis ofertados pelo Proprietário para Venda", "link": "https://classificados.inf.ufsc.br/detail.php?id=209126", "date": "2023-09-27", "title": "\nAPARTAMENTO 1 DORMITÓRIO", "description": "Vendo apartamento mobiliado, com um dormitório, no bairro Estreito. Diversas linhas de ônibus, para Biguaçu, Kobrasol, Jardim Atlântico, Florianópolis, entre outros. Próximo ao parque de Coqueiros e da Ponte Hercílio Luz.\n", "general_details": {"Vendido por:": "Daniela Subtil de Andrade", "Email:": "Contatar Vendedor"}, "advertisement_details": {"Preço": "R$ 240 mil", "Anúncio nº:": "209126", "Visualizações:": "72", "Anúncio expira:": "27/10/2023 (em 16 dias)", "Adicionado:": "27/09/2023"}}
{"category": " Ofertas de Quartos/Vagas - Carvoeira", "link": "https://classificados.inf.ufsc.br/detail.php?id=209124", "date": "2023-09-27", "title": "\nCasa compartilhada com 6 quartos individuais 5 ...", "description": "", "general_details": {"Vendido por:": "Caio Cesar Colle Gomes Paz", "Email:": "Contatar Vendedor"}, "advertisement_details": {"Bairro": "Carvoeira", "Cidade": "Florianópolis", "Gênero": "Feminino, Masculino", "Preço": "1.100", "Água, cond. e IPTU inclusos?": "Sim", "Lavanderia disponível?": "Sim", "Conexão c/Internet?": "Sim", "Permitido animais?": "Nao", "Anúncio nº:": "209124", "Visualizações:": "227", "Anúncio expira:": "27/10/2023 (em 16 dias)", "Adicionado:": "27/09/2023"}}
{"category": " Cursos em Geral", "link": "https://classificados.inf.ufsc.br/detail.php?id=209123", "date": "2023-09-27", "title": "\nAulas particulares de música", "description": "Aulas de piano e teoria musical para iniciantes.\n\r\nPresencial: Trindade\n\r\nContato: Adriane - WhatsApp (48) 99914-7870", "general_details": {"Vendido por:": "Adriane Ambrósio Lisboa", "Email:": "lisboaadriane@gmail.com"}, "advertisement_details": {"Anúncio nº:": "209123", "Visualizações:": "15", "Anúncio expira:": "27/10/2023 (em 16 dias)", "Adicionado:": "27/09/2023"}}
{"category": "Imóveis ofertados via Corretor para Venda", "link": "https://classificados.inf.ufsc.br/detail.php?id=209122", "date": "2023-09-27", "title": "\nCasa à Venda, 165 m², 3 Dormitórios, 1 Suít...", "description": "Imóvel exclusivo UNE Imóveis.\r\nCasa com 3 dormitórios, incluindo 1 suíte, e também conta com uma dependência de empregada. Além disso, há 3 banheiros disponíveis e garagem coberta para 2 veículos. A área de lazer inclui uma churrasqueira a carvão, perfeita para momentos de diversão e confraternização.\n\r\nUma característica destacada é a edícula com 2 ambientes separados, o que proporciona mais espaço e versatilidade para diferentes atividades.\n\r\nA localização é ótima, com a proximidade de supermercados, farmácias, restaurantes, o shopping Villa Romana e outros comércios em geral. Essa conveniência facilita o acesso a serviços e compras do dia a dia.\n\r\nSe você está interessado em visitar essa casa, entre em contato conosco para agendar uma visita. Essa é uma oportunidade que você não pode perder.\n\r\nImóvel Exclusivo.\r\nCorretor, fazemos parceria!\n\r\nVídeo do imóvel: https://youtu.be/Mzo8YU2MtEo\n\n\r\nCasa para Venda em região valorizada do bairro Córrego Grande, em Florianópolis. Não encontrou o que procurava ou deseja mais informações sobre Casa em Florianópolis? Entre em contato com nossa equipe pelo telefone (48) 98804-9722.\n\r\nA HUB/UNE IMÓVEIS tem mais opções de apartamentos, casas residenciais e comerciais, sobrados, terrenos, lojas e barracões para venda ou locação, além de empreendimentos em construção ou lançamentos na planta em Córrego Grande e em outras regiões de Florianópolis. Aqui você encontra milhares de ofertas para encontrar o imóvel que mais combina com seu estilo de vida.\n\r\nNegocie seu imóvel de forma totalmente online, com segurança e tranquilidade. Na HUB/UNE IMÓVEIS você consegue comprar ou alugar um imóvel em Florianópolis mesmo não estando na cidade e com a praticidade de fazer tudo online, direto do seu computador ou smartphone. Nós criamos soluções inovadoras para simplificar a relação de proprietários, inquilinos e compradores com o mercado imobiliário.\n\r\nAnuncie seu imóvel! É fácil, rápido e gratuito! A HUB/UNE IMÓVEIS é uma imobiliária digital com imóveis em diversas cidades do Brasil, incluindo Florianópolis.\n\r\nNa HUB/UNE IMÓVEIS você consegue vender ou alugar seu imóvel muito mais rápido do que em imobiliárias tradicionais. Já vendemos e locamos diversos imóveis em Florianópolis, especialmente em Córrego Grande. Isso porque temos uma equipe de marketing digital focada em produzir campanhas específicas para Florianópolis, o que aumenta muito o número de contatos interessados e tendo como consequência uma maior chance de vender ou alugar seu imóvel mais rápido. Contamos também com um time de programadores, corretores treinados e uma central de atendimento preparada para atender proprietários e inquilinos.", "general_details": {"Vendido por:": "Edilson Mazurechen", "Email:": "edimais_abu@hotmail.com"}, "advertisement_details": {"Logradouro, nº": "Santa Mônica", "Complemento": "Casa", "Bairro": "Santa Mônica", "Cidade": "Florianópolis", "Preço": "1.100.000,00", "Água, cond. e IPTU inclusos?": "Não", "Lavanderia disponível?": "Sim", "Conexão c/Internet?": "Não", "Permitido animais?": "Sim", "Anúncio nº:": "209122", "Visualizações:": "75", "Anúncio expira:": "27/10/2023 (em 16 dias)", "Adicionado:": "27/09/2023"}}
{"category": "Imóveis ofertados via Corretor para Venda", "link": "https://classificados.inf.ufsc.br/detail.php?id=209121", "date": "2023-09-27", "title": "\nCobertura Duplex à Venda, 228 m², 3 Dormitór...", "description": "Cobertura duplex muito atraente! Com 3 dormitórios (2 suítes), mais dependência de empregada, ela oferece bastante espaço para acomodação. As duas salas na parte inferior proporcionam áreas de estar confortáveis, enquanto a sala/escritório na parte superior pode ser utilizada para diversas finalidades, desde um espaço de trabalho até uma sala de lazer adicional.\r\nA presença de uma churrasqueira a carvão é uma vantagem para os apreciadores de churrasco, permitindo que você desfrute de momentos ao ar livre sem precisar sair de casa. Além disso, a cobertura é bem ventilada e ensolarada, o que é ótimo para aproveitar a luz natural e manter o ambiente arejado, conta com vaga de garagem coberta e fixa.\r\nO condomínio com portaria 24 horas oferece segurança e tranquilidade aos moradores. A presença de uma quadra poliesportiva é ideal para quem gosta de praticar atividades físicas, enquanto o salão de festas é perfeito para realizar eventos e comemorações. O bicicletário é um ótimo recurso para quem utiliza a bicicleta como meio de transporte ou para o lazer.\r\nA localização da cobertura também é muito conveniente. Sua proximidade com o Horto Florestal proporciona um ambiente natural e agradável nas proximidades. A disponibilidade de instituições de ensino, transporte público, restaurantes, sacolão, barbearia e salão de beleza nas redondezas torna a vida cotidiana mais prática e conveniente. Além disso, estar a apenas 400 metros da UFSC é uma grande vantagem para estudantes ou funcionários da universidade.\r\nSe você está interessado nessa cobertura, entre em contato conosco para agendar uma visita. Essa é uma ótima oportunidade de adquirir um imóvel com tantas características atrativas.\r\nImóvel exclusivo UNE Imóveis, fazemos parceria.\r\nVídeo do anúncio: https://youtu.be/5os_YEiNm3g\n\n\r\nCobertura / Penthouse para Venda em região valorizada do bairro Córrego Grande, em Florianópolis. Não encontrou o que procurava ou deseja mais informações sobre Cobertura / Penthouse em Florianópolis? Entre em contato com nossa equipe pelo telefone (48) 98804-9722.\n\r\nA HUB/UNE IMÓVEIS tem mais opções de apartamentos, casas residenciais e comerciais, sobrados, terrenos, lojas e barracões para venda ou locação, além de empreendimentos em construção ou lançamentos na planta em Córrego Grande e em outras regiões de Florianópolis. Aqui você encontra milhares de ofertas para encontrar o imóvel que mais combina com seu estilo de vida.\n\r\nNegocie seu imóvel de forma totalmente online, com segurança e tranquilidade. Na HUB/UNE IMÓVEIS você consegue comprar ou alugar um imóvel em Florianópolis mesmo não estando na cidade e com a praticidade de fazer tudo online, direto do seu computador ou smartphone. Nós criamos soluções inovadoras para simplificar a relação de proprietários, inquilinos e compradores com o mercado imobiliário.\n\r\nAnuncie seu imóvel! É fácil, rápido e gratuito! A HUB/UNE IMÓVEIS é uma imobiliária digital com imóveis em diversas cidades do Brasil, incluindo Florianópolis.\n\r\nNa HUB/UNE IMÓVEIS você consegue vender ou alugar seu imóvel muito mais rápido do que em imobiliárias tradicionais. Já vendemos e locamos diversos imóveis em Florianópolis, especialmente em Córrego Grande. Isso porque temos uma equipe de marketing digital focada em produzir campanhas específicas para Florianópolis, o que aumenta muito o número de contatos interessados e tendo como consequência uma maior chance de vender ou alugar seu imóvel mais rápido. Contamos também com um time de programadores, corretores treinados e uma central de atendimento preparada para atender proprietários e inquilinos.", "general_details": {"Vendido por:": "Edilson Mazurechen", "Email:": "edimais_abu@hotmail.com"}, "advertisement_details": {"Logradouro, nº": "rua João Pio Duarte Silva, 602", "Complemento": "Cobertura", "Bairro": "Córrego Grande", "Cidade": "Florianópolis", "Preço": "870000", "Água, cond. e IPTU inclusos?": "Não", "Lavanderia disponível?": "Sim", "Conexão c/Internet?": "Não", "Permitido animais?": "Sim", "Anúncio nº:": "209121", "Visualizações:": "59", "Anúncio expira:": "27/10/2023 (em 16 dias)", "Adicionado:": "27/09/2023"}}
{"category": "Casas ofertadas via Corretor para Aluguel", "link": "https://classificados.inf.ufsc.br/detail.php?id=209120", "date": "2023-09-27", "title": "\nCasa Para Locação, 329 m², 4 Dormitórios (2...", "description": "A casa possui 329 m² de área construída, distribuídos em dois pavimentos. No pavimento térreo, temos a sala de estar e jantar, cozinha, lavabo, despensa, área de serviço e garagem para três veículos. No pavimento superior, tem varandas, uma suíte master com closet e banheira de hidromassagem, uma suíte simples e duas demi-suítes.\r\nA casa está localizada em uma rua calma e tranquila do Parque São Jorge, uma área nobre de Florianópolis. A região conta com excelente infraestrutura, com praças, supermercados, academias, restaurantes e escolas próximos.\r\nA casa é espaçosa e confortável, com ambientes amplos e bem iluminados. A área de lazer é completa, com churrasqueira à carvão e piscina na parte externa.\r\nEsta casa é perfeita para famílias que buscam um imóvel espaçoso e confortável, em um bairro tranquilo e seguro. Oportunidade única para quem busca um imóvel bem localizado. Próximo ao acesso para a Lagoa da Conceição.\r\nAgende sua visita e confira!\n\r\nCondições para alugar:\r\nTer uma boa avaliação de crédito de todos os envolvidos na proposta.\n\r\nSerá ainda de responsabilidade do locatário, o pagamento de seguro incêndio, energia elétrica, água, IPTU e demais encargos. Sobre o valor do condomínio, poderá haver fundo de reserva e rateio, que serão pagos pelo locatário, serão ressarcidos posteriormente. Estas informações são de responsabilidade do proprietário e poderão ser alteradas a qualquer momento. Os valores anunciados de Condomínio, IPTU, Laudêmio, TCRS e outras taxas que por ventura venham a incidir sobre este imóvel são aproximados. Solicite o valor atualizado. A visualização de mobília nas imagens não significa que farão do imóvel. Sempre agende uma visita para esclarecer todas as dúvidas.\n\n\r\nCasa para Aluguel em região valorizada do bairro Itacorubi, em Florianópolis. Não encontrou o que procurava ou deseja mais informações sobre Casa em Florianópolis? Entre em contato com nossa equipe pelo telefone (48) 98804-9722.\n\r\nA HUB/UNE IMÓVEIS tem mais opções de apartamentos, casas residenciais e comerciais, sobrados, terrenos, lojas e barracões para venda ou locação, além de empreendimentos em construção ou lançamentos na planta em Itacorubi e em outras regiões de Florianópolis. Aqui você encontra milhares de ofertas para encontrar o imóvel que mais combina com seu estilo de vida.\n\r\nNegocie seu imóvel de forma totalmente online, com segurança e tranquilidade. Na HUB/UNE IMÓVEIS você consegue comprar ou alugar um imóvel em Florianópolis mesmo não estando na cidade e com a praticidade de fazer tudo online, direto do seu computador ou smartphone. Nós criamos soluções inovadoras para simplificar a relação de proprietários, inquilinos e compradores com o mercado imobiliário.\n\r\nAnuncie seu imóvel! É fácil, rápido e gratuito! A HUB/UNE IMÓVEIS é uma imobiliária digital com imóveis em diversas cidades do Brasil, incluindo Florianópolis.\n\r\nNa HUB/UNE IMÓVEIS você consegue vender ou alugar seu imóvel muito mais rápido do que em imobiliárias tradicionais. Já vendemos e locamos diversos imóveis em Florianópolis, especialmente em Itacorubi. Isso porque temos uma equipe de marketing digital focada em produzir campanhas específicas para Florianópolis, o que aumenta muito o número de contatos interessados e tendo como consequência uma maior chance de vender ou alugar seu imóvel mais rápido. Contamos também com um time de programadores, corretores treinados e uma central de atendimento preparada para atender proprietários e inquilinos.", "general_details": {"Vendido por:": "Edilson Mazurechen", "Email:": "edimais_abu@hotmail.com"}, "advertisement_details": {"Logradouro, nº": "Parque São Jorge", "Complemento": "Casa", "Bairro": "Parque São Jorge", "Cidade": "Florianópolis", "Preço": "13800,00", "Água, cond. e IPTU inclusos?": "Não", "Lavanderia disponível?": "Sim", "Conexão c/Internet?": "Não", "Permitido animais?": "Não", "Anúncio nº:": "209120", "Visualizações:": "96", "Anúncio expira:": "27/10/2023 (em 16 dias)", "Adicionado:": "27/09/2023"}}
{"category": "Aptos ofertados via Corretor para Aluguel", "link": "https://classificados.inf.ufsc.br/detail.php?id=209119", "date": "2023-09-27", "title": "\nAluga-se Apartamento, 1 Dormitório, 40m2, Cent...", "description": "Aluga-se aconchegante apartamento, 40m2, com sala, cozinha e área de serviço, com garagem, com muita ventilação e iluminação natural, lindamente mobiliado.\r\nÁgua e internet inclusos.\r\nO apartamento está localizada atrás do Jardim Milano e do Shopping Beiramar.\r\nÉ um apartamento muito lindo e agradável, um verdadeiro lar, então agende uma visita hoje mesmo!\r\ncom ótima iluminação natural, que comporta muito bem duas pessoas.\r\nFica a 500 metros do Beiramar Shopping, 300m caminhando para o Patio Milano, com excelentes opções gastronômicas.\r\nO imóvel fica próximo do Centrosul (3,5km) e UFSC (6,2km).\r\nSão muitas as opções de transporte público na Av. Mauro Ramos, descendo a rua.\r\nLigue 48 98804 9722 e agende uma visita.\n\r\nVídeo do anúncio: https://youtu.be/KDKTVwuP2Mw\n\r\nCondições para alugar:\r\nTer uma boa avaliação de crédito aprovada\r\nAvaliamos o perfil de crédito de todos os envolvidos na proposta.\n\r\nSerá ainda de responsabilidade do locatário, o pagamento de seguro incêndio, energia elétrica, água, IPTU e demais encargos. Sobre o valor do condomínio, poderá haver fundo de reserva e rateio, que serão pagos pelo locatário, serão ressarcidos posteriormente. Estas informações são de responsabilidade do proprietário e poderão ser alteradas a qualquer momento. Os valores anunciados de Condomínio, IPTU, Laudêmio, TCRS e outras taxas que por ventura venham a incidir sobre este imóvel são aproximados. Solicite o valor atualizado. A visualização de mobília nas imagens não significa que farão do imóvel. Sempre agende uma visita para esclarecer todas as dúvidas.\n\n\r\nApartamento para Aluguel em região valorizada do bairro Centro, em Florianópolis. Não encontrou o que procurava ou deseja mais informações sobre Apartamento em Florianópolis? Entre em contato com nossa equipe pelo telefone (48) 98804-9722.\n\r\nA HUB/UNE IMÓVEIS tem mais opções de apartamentos, casas residenciais e comerciais, sobrados, terrenos, lojas e barracões para venda ou locação, além de empreendimentos em construção ou lançamentos na planta em Centro e em outras regiões de Florianópolis. Aqui você encontra milhares de ofertas para encontrar o imóvel que mais combina com seu estilo de vida.\n\r\nNegocie seu imóvel de forma totalmente online, com segurança e tranquilidade. Na HUB/UNE IMÓVEIS você consegue comprar ou alugar um imóvel em Florianópolis mesmo não estando na cidade e com a praticidade de fazer tudo online, direto do seu computador ou smartphone. Nós criamos soluções inovadoras para simplificar a relação de proprietários, inquilinos e compradores com o mercado imobiliário.\n\r\nAnuncie seu imóvel! É fácil, rápido e gratuito! A HUB/UNE IMÓVEIS é uma imobiliária digital com imóveis em diversas cidades do Brasil, incluindo Florianópolis.\n\r\nNa HUB/UNE IMÓVEIS você consegue vender ou alugar seu imóvel muito mais rápido do que em imobiliárias tradicionais. Já vendemos e locamos diversos imóveis em Florianópolis, especialmente em Centro. Isso porque temos uma equipe de marketing digital focada em produzir campanhas específicas para Florianópolis, o que aumenta muito o número de contatos interessados e tendo como consequência uma maior chance de vender ou alugar seu imóvel mais rápido. Contamos também com um time de programadores, corretores treinados e uma central de atendimento preparada para atender proprietários e inquilinos.", "general_details": {"Vendido por:": "Edilson Mazurechen", "Email:": "edimais_abu@hotmail.com"}, "advertisement_details": {"Logradouro, nº": "Servidão Macário 35", "Complemento": "Casa/apartamento", "Bairro": "Centro", "Cidade": "Florianópolis", "Preço": "3450,00", "Água, cond. e IPTU inclusos?": "Sim", "Lavanderia disponível?": "Sim", "Conexão c/Internet?": "Sim", "Permitido animais?": "Não", "Anúncio nº:": "209119", "Visualizações:": "129", "Anúncio expira:": "27/10/2023 (em 16 dias)", "Adicionado:": "27/09/2023"}}
{"category": "Kitnets ofertadas pelo proprietário para Aluguel", "link": "https://classificados.inf.ufsc.br/detail.php?id=209118", "date": "2023-09-27", "title": "\nAlugo Kitinet mobiliada na Trindade Próxima à...", "description": "Kitinet ampla (3 ambientes),terceiro andar, prédio residencial em localização privilegiada, com garagem coberta e fechada e bicicletário. Kitinet com boa ventilação e iluminação, com interfone, mobiliada, c/ ar condicionado, cama de casal, banheiro com banheira, cozinha em ambiente separado com micro- ondas, máquina de lavar roupas e tanque.\r\nAluguel direto com o proprietário.\r\nPrédio em rua tranquila.\r\nA 15 min da UFSC.\r\nÉ permitido animais.\r\nAo lado do terminal de ônibus da trindade -TITRI.\r\nPróximo ao Shopping Villa Romana.\r\nValor: R$ 2.230,00 (incluindo o condomínio e IPTU) + LUZ ( medidor individual)\r\nContato: (48) 99977-9726 (WhatsApp)\r\nOBS: O inquilino pode alugar a garagem para terceiros.\n", "general_details": {"Vendido por:": "Beatrice de Arruda Figueiredo", "Email:": "Contatar Vendedor"}, "advertisement_details": {"Logradouro, nº": "Rua Procópio Manoel Pires, 58.", "Bairro": "Trindade", "Cidade": "Florianópolis", "Preço": "1.800,00", "Água, cond. e IPTU inclusos?": "Água e condomínio", "Lavanderia disponível?": "sim", "Conexão c/Internet?": "não", "Permitido animais?": "sim", "Anúncio nº:": "209118", "Visualizações:": "456", "Anúncio expira:": "27/10/2023 (em 16 dias)", "Adicionado:": "27/09/2023"}}
{"category": " Camas, Beliches, Colchões e Similares", "link": "https://classificados.inf.ufsc.br/detail.php?id=209115", "date": "2023-09-27", "title": "\nCama + colchão ortobom", "description": "Densidade de espuma D26\r\nDimensões do colchão: 14 X 188 X 88\r\nDimensões da base: 23 X 188 X 88 (+ pés de 13 cm)\n\r\nObs: 6 meses de uso.\r\nMotivo da venda: Mudança.\n\r\nRetirar no bairro Trindade\r\nChamar no WhatsApp (Augusto): (45) 9 9119-1909", "general_details": {"Vendido por:": "Augusto Cesar Becker", "Email:": "Contatar Vendedor"}, "advertisement_details": {"Preço": "300,00", "Anúncio nº:": "209115", "Visualizações:": "64", "Anúncio expira:": "27/10/2023 (em 16 dias)", "Adicionado:": "27/09/2023"}}
