{"category": " Coisas para Área de Serviço", "link": "https://classificados.inf.ufsc.br/detail.php?id=209203", "date": "2023-10-03", "title": "\nMaquina de lavar 8-11kg Eletrolux", "description": "Vendo maquina de lavar 8-11 kg Eletrolux.\r\nMotivo: mudança. Região TRINDADE \r\n48 999594553", "general_details": {"Vendido por:": "Danielle Pereira Lacerda", "Email:": "Contatar Vendedor"}, "advertisement_details": {"Preço": "300,00", "Anúncio nº:": "209203", "Visualizações:": "12", "Anúncio expira:": "18/10/2023 (em 7 dias)", "Adicionado:": "03/10/2023"}}
{"category": " Aparelhos para Jogos Eletrônicos e Acessórios ", "link": "https://classificados.inf.ufsc.br/detail.php?id=209200", "date": "2023-10-03", "title": "\nPlay 3 + 2 controles s/ fio + 2 controles movie...", "description": "Play 3 com:\r\n2 controles sem fio,\r\n2 controles de movimento sem fio,\r\n1 câmera de play,\r\nJogos diversos.\r\nRetirar em Coqueiros.", "general_details": {"Vendido por:": "Rafaela Rafognatto Andreguetti", "Email:": "Contatar Vendedor"}, "advertisement_details": {"Preço": "1.000,00", "Anúncio nº:": "209200", "Visualizações:": "27", "Anúncio expira:": "02/11/2023 (em 22 dias)", "Adicionado:": "03/10/2023"}}
{"category": " Transportes e Fretes", "link": "https://classificados.inf.ufsc.br/detail.php?id=209199", "date": "2023-10-03", "title": "\nPequenos Fretes - Carlos 48  996201681", "description": "Faço Fretes por toda Grande Florianópolis. Também retirada de rejeitos e entulhos. Faço montagens e desmontagens.\r\nTratar com Carlos 48 996201681.", "general_details": {"Vendido por:": "Natalia Lobato de Magalhães", "Email:": "Contatar Vendedor"}, "advertisement_details": {"Anúncio nº:": "209199", "Visualizações:": "10", "Anúncio expira:": "01/01/2024 (em 82 dias)", "Adicionado:": "03/10/2023"}}
{"category": "Aptos Ofertados pelo Proprietário para Aluguel", "link": "https://classificados.inf.ufsc.br/detail.php?id=209198", "date": "2023-10-03", "title": "\nApartamento 2 quartos 100mt UFSC", "description": "Apartamento com 2 quartos, sacada, sala, cozinha (separada da sala), garagem. Área aprox. 60mt2. Segundo andar, sem elevador. Bem arejado, calmo, ótima posição solar. Muito próximo da UFSC. Endereço Servidão Santíssima Trindade, Edificio Marques de Valença (Rua ao lado da Pizzaria DiRoma na Lauro Linhares). Valor aluguel 2.300 + IPTU/Agua/Taxa lixo 600,00, valor final 2.900,00, contrato direto com proprietário. Contato Wattsapp 48-99973-4349 (preferência) ou daltroritter@hotmail.com", "general_details": {"Vendido por:": "Daltro Eneas Ritter", "Email:": "Contatar Vendedor"}, "advertisement_details": {"Logradouro, nº": "Rua Servidão Santíssima Trindade", "Complemento": "Edificio Marques de Valença, ap 204", "Bairro": "Trindade", "Cidade": "Florianopolis", "Preço": "2.300 + iptu/agua/lixo 600", "Água, cond. e IPTU inclusos?": "sim", "Lavanderia disponível?": "não", "Conexão c/Internet?": "a instalar", "Permitido animais?": "sim", "Anúncio nº:": "209198", "Visualizações:": "412", "Anúncio expira:": "02/11/2023 (em 22 dias)", "Adicionado:": "03/10/2023"}}
{"category": "Aptos Ofertados pelo Proprietário para Aluguel", "link": "https://classificados.inf.ufsc.br/detail.php?id=209197", "date": "2023-10-03", "title": "\nApartamento de três quartos mobiliado na carvo...", "description": "Apartamento completamente mobiliado e muito próximo da UFSC.\n\r\nO apartamento conta com 3 quartos (uma suíte), dois banheiros, sala de estar, cozinha, área de serviço e uma vaga de garagem coberta.\n\r\nO condomínio conta com portaria, salão de festas e quadra de esportes.\n\r\nWhatsApp para contato: (48)99818-0088", "general_details": {"Vendido por:": "Artur Fernandes Signor", "Email:": "Contatar Vendedor"}, "advertisement_details": {"Logradouro, nº": "Rua Capitão Romualdo De Barros, 861", "Complemento": "Bloco 3; Apto. 303", "Bairro": "Carvoeira", "Cidade": "Florianópolis", "Preço": "R$3000,00", "Água, cond. e IPTU inclusos?": "Não", "Lavanderia disponível?": "Sim", "Conexão c/Internet?": "A contratar", "Permitido animais?": "Sim", "Anúncio nº:": "209197", "Visualizações:": "302", "Anúncio expira:": "02/11/2023 (em 22 dias)", "Adicionado:": "03/10/2023"}}
{"category": "Outros Coisas para Sala", "link": "https://classificados.inf.ufsc.br/detail.php?id=209195", "date": "2023-10-03", "title": "\nSofá-cama 2 lugares ", "description": "Sofá-cama 2 lugares, revestimento em courino, cor bege/areia.\r\nPossui pequeno baú para armazenamento.\n\r\nEstrutura em madeira de eucalípito, espuma siliconada D33, acompanha dois almofadões. Super confortável.\n\r\nProduto em ótima conservação (adquirido a menos de 2 anos) Pouco utilizado (fica em quarto de visitas, sendo utilizado poucas vezes ao ano).", "general_details": {"Vendido por:": "Rafaela Rafognatto Andreguetti", "Email:": "Contatar Vendedor"}, "advertisement_details": {"Preço": "650,00", "Anúncio nº:": "209195", "Visualizações:": "45", "Anúncio expira:": "18/10/2023 (em 7 dias)", "Adicionado:": "03/10/2023"}}
{"category": "Kitnets ofertadas pelo proprietário para Aluguel", "link": "https://classificados.inf.ufsc.br/detail.php?id=209194", "date": "2023-10-03", "title": "\nOPORTUNIDADE: ALUGUEL DE KITNET NA TRINDADE EM ...", "description": "OPORTUNIDADE: ALUGUEL DE KITNET NA TRINDADE EM EXCELENTE AMBIENTE (PARA 1 PESSOA)!\n\r\nOPORTUNIDADE para VOCÊ que tem o sonho de morar num dos MELHORES e mais NOBRES BAIRROS de Florianópolis/SC: a TRINDADE.\r\nOportunidade para VOCÊ que VALORIZA um AMBIENTE de RESPEITO, administrado pessoalmente pelo proprietário do residencial.\n\r\nRESIDENCIAL em excelente LOCALIZAÇÃO. \r\nEm rua PLANA (não em morros - como a maioria da categoria). \r\nMELHOR REGIÃO DA TRINDADE. \r\nApenas “duas casas” da Rua Lauro Linhares (Geral da Trindade). \r\nComércio extremamente pulsante na região (tudo que você precisa a poucos passos, dispensando qualquer meio de transporte):\r\nFARMÁCIA, MERCADOS, PADARIA, AÇOUGUE, PEIXARIA, ACADEMIA, LABORATÓRIO MÉDICO, PIZZARIAS, SALÃO DE BELEZA, TERMINAL DE ÔNIBUS, etc.\n\r\nExcelente opção para você, estudante da UFSC, pela proximidade com a universidade (15 minutos a pé, aproximadamente). \r\nExcelente opção para você, mãe, que está buscando um lugar DECENTE e TRANQUILO para seu herdeiro recém saído de casa. \r\nExcelente opção para você que trabalha pelos arredores do bairro. \r\nOu ainda, para você que busca o conforto da região, mas dispõe de um orçamento limitado. \n\r\nAtenção! O imóvel em pauta NÃO é para você que busca luxo. A Kitnet é pequena e simples.\n\r\nEsse anúncio é direcionado a você que busca a simplicidade do melhor CUSTO X BENEFÍCIO. \n\r\nImóveis na trindade são caros, tenha isso em mente. Por isso, esta oferta é uma excelente OPORTUNIDADE. \n\r\nA Kitnet é MOBILIADA com o essencial:\r\nFogão, Geladeira, guarda-roupa e cama. \r\nDispõe de banheiro com Box Blindex.\n\r\nE mais um DIFERENCIAL da maioria dos imóveis da categoria: a segurança e comodidade do GÁS CENTRAL. \n\r\nO VALOR do imóvel é FIXO e com tudo que você precisa INCLUSO no valor: R$1000. \n\r\nNão é cobrado condomínio! \n\r\nO valor compreende: \r\n- ALUGUEL \r\n- ÁGUA \r\n- LUZ\r\n- GÁS CENTRAL\n\r\nDemais considerações:\n\r\n* Não é permitido animais;\r\n* Imóvel para locação individual (apenas para 1 pessoa). \n\r\nSe você deseja fazer parte dessa família, entre em contato com o proprietário, Paulo, através do telefone/WhatsApp: (48) 98454-1617.\n", "general_details": {"Vendido por:": "Juliana Pires de Souza", "Email:": "Contatar Vendedor"}, "advertisement_details": {"Preço": "1000", "Anúncio nº:": "209194", "Visualizações:": "220", "Anúncio expira:": "02/11/2023 (em 22 dias)", "Adicionado:": "03/10/2023"}}
