{"category": " Ofertas de Quartos/Vagas - Córrego Grande", "link": "https://classificados.inf.ufsc.br/detail.php?id=209234", "date": "2023-10-05", "title": "\nQuarto e apartamento mobiliado em frente a UFSC...", "description": "Com excelente localização, o apartamento fica na João Pio Duarte Silva, 114. Possui portaria 24h, salão de festas e vaga para garagem. No térreo do prédio tem academia, mercado e loja de departamento, além de farmácia e restaurantes próximos. \n\r\nO apartamento possui quatro quartos, três banheiros, cozinha completa (não precisa de utensílios novos), lavanderia completa (com varal) e sacada. \n\r\nNão precisa de contrato. \n\r\nNão aceitamos fumantes nem animais de estimação.\n\r\nQuarto de aproximadamente 2,5x2m com banheiro privativo (suíte) e com possibilidade de compra de móveis da antiga moradora (guarda-roupas e cama).\r\nValores: aproximadamente R$1200,00/mês\r\nData de entrada: 17 de outubro\n\r\nContatar Júlia: (49) 999241306", "general_details": {"Vendido por:": "Júlia Toscan", "Email:": "julia_toscan@hotmail.com"}, "advertisement_details": {"Logradouro, nº": "114", "Bairro": "Córrego Grande", "Cidade": "Florianópolis", "Gênero": "Feminino", "Preço": "1200,00", "Água, cond. e IPTU inclusos?": "Sim", "Lavanderia disponível?": "Sim", "Conexão c/Internet?": "Sim", "Permitido animais?": "Não", "Anúncio nº:": "209234", "Visualizações:": "111", "Anúncio expira:": "04/11/2023 (em 24 dias)", "Adicionado:": "05/10/2023"}}
{"category": " Empregos", "link": "https://classificados.inf.ufsc.br/detail.php?id=209233", "date": "2023-10-05", "title": "\nEMPREGADA DOMÉSTICA BAIRRO AGRONÔMICA - SEGUN...", "description": "Procura-se empregada doméstica com comprovação de trabalho na Carteira de Trabalho para trabalhar em apartamento médio no bairro agronômica localizado próximo ao Beiramar Shopping. Moram 04 adultos e 01 cão pequeno sendo que 02 adultos trabalham fora. Fazer contato com Fernanda através do telefone: (48) 9 9664-2991.", "general_details": {"Vendido por:": "Fernanda Carvalho Rigol", "Email:": "Contatar Vendedor"}, "advertisement_details": {"Anúncio nº:": "209233", "Visualizações:": "7", "Anúncio expira:": "04/11/2023 (em 24 dias)", "Adicionado:": "05/10/2023"}}
{"category": " Ofertas de Quartos/Vagas - Pantanal", "link": "https://classificados.inf.ufsc.br/detail.php?id=209232", "date": "2023-10-05", "title": "\nSuíte privativa para coliving em apartamento d...", "description": "O que está incluído:\r\n- Suíte individual (Quarto com cama box, guarda-roupas, estante e mesa de trabalho e banheiro privativo);\r\n- Internet WiFi alta velocidade;\r\n- uso de bicicleta para passeios rápidos\r\n- água; gás; energia elétrica;\r\n- uso de espaços comuns: mesa e cadeiras; sofá, TV, cozinha equipada com fogão, pia, geladeira e utensílios básicos; sala de estar e jantar; varanda com rede; espaço para lavar e secar roupas com tanque e varal.\n\r\nContato com Jonas, Pai do Victor, Whats (48) 9 9153 7044\n\r\nO apartamento tem 2 quartos, sendo uma suíte, banheiro social, sala, cozinha e lavanderia ampla.\n\r\nO condomínio aceita pets e já temos um cachorro e um gato.\n\r\nO Apartamento fica num condomínio fechado, com piscina, quadra de esportes e salão de festas.\n\r\nPróximo tem mercados, padarias, restaurantes, farmácia e na rua tem ciclovia.\n\r\nResido nele desde 2020 e o quarto vai ficou após meu filho concluir o curso na UFSC.\n\r\nMenos de 10 minutos do centro indo de carro, de ônibus tem a cada 10 minutos e leva uns 20 minutos até o centro.\n\n\r\nFica sobre a responsabilidade de cada um a alimentação e a manutenção da organização e limpeza após as refeições.\n\r\nOs itens para lavar roupa e os serviços e itens de limpeza serão divididos.", "general_details": {"Vendido por:": "Victor Lana Spiess", "Email:": "Contatar Vendedor"}, "advertisement_details": {"Logradouro, nº": "Rua Deputado Antonio Vieira, 516", "Complemento": "ap 103B", "Bairro": "Pantanal", "Cidade": "Florianópolis", "Gênero": "Masculino", "Preço": "14000", "Água, cond. e IPTU inclusos?": "Sim", "Lavanderia disponível?": "Sim", "Conexão c/Internet?": "Sim", "Permitido animais?": "Sim", "Anúncio nº:": "209232", "Visualizações:": "42", "Anúncio expira:": "04/11/2023 (em 24 dias)", "Adicionado:": "05/10/2023"}}
{"category": "Aulas Particulares  Línguas -  Português", "link": "https://classificados.inf.ufsc.br/detail.php?id=209230", "date": "2023-10-05", "title": "\nPrivate Portuguese Lessons for any level", "description": "Portuguese Private Lessons \r\nFor any level\n\r\nEverything you need to know about:\r\nGrammar\r\nBrazilian culture\r\nspeaking naturally\r\nLiterature\n\r\nWhatsApp (51) 992949745\r\nEmail: vitoria.burnier@gmail.co\n", "general_details": {"Vendido por:": "Maria Vitória Burnier dos Santos", "Email:": "Contatar Vendedor"}, "advertisement_details": {"Anúncio nº:": "209230", "Visualizações:": "5", "Anúncio expira:": "04/11/2023 (em 24 dias)", "Adicionado:": "05/10/2023"}}
{"category": "Aulas Particulares  Línguas -  Inglês", "link": "https://classificados.inf.ufsc.br/detail.php?id=209229", "date": "2023-10-05", "title": "\nTransforme seu Inglês em um Superpoder com Aul...", "description": "Você está se preparando para fazer uma prova de proficiência em inglês e quer garantir uma boa nota? Ou talvez esteja se preparando para uma viagem internacional e quer se comunicar sem dificuldades? Ou ainda, talvez você queira aprimorar seu inglês para alavancar a sua carreira ou ter mais oportunidades no mercado de trabalho? Seja qual for o seu objetivo, eu posso ajudá-lo(a) a alcançá-lo com as minhas aulas particulares de inglês online, que se adaptam às suas necessidades individuais, independentemente do seu nível de inglês. Com mais de 6 anos de experiência, já ajudei muitos alunos a alcançarem seus objetivos no aprendizado do inglês, desde reforço escolar até preparação para exames. E o melhor de tudo, ao reservar agora, você garante um desconto especial de 50% em todas as aulas. Invista no seu futuro e no seu sucesso, aprendendo a língua mais falada do mundo com um método de ensino dinâmico e interativo. Entre em contato comigo para saber mais e agendar sua primeira aula sem compromisso! \n\r\nWhatsApp (51) 992949745\r\nEmail: vitoria.burnier@gmail.co", "general_details": {"Vendido por:": "Maria Vitória Burnier dos Santos", "Email:": "Contatar Vendedor"}, "advertisement_details": {"Anúncio nº:": "209229", "Visualizações:": "5", "Anúncio expira:": "04/11/2023 (em 24 dias)", "Adicionado:": "05/10/2023"}}
{"category": " Revisões, Digitações e Traduções de Textos", "link": "https://classificados.inf.ufsc.br/detail.php?id=209228", "date": "2023-10-05", "title": "\nRevisão e tradução de textos - INGLÊS/PORTU...", "description": "Tradução rápida e barata de textos de inglês para português e português para inglês. \n\r\nWhatsapp: 51992949745\r\nEmail: vitoria.burnier.santos@gmail.com", "general_details": {"Vendido por:": "Maria Vitória Burnier dos Santos", "Email:": "Contatar Vendedor"}, "advertisement_details": {"Anúncio nº:": "209228", "Visualizações:": "4", "Anúncio expira:": "04/11/2023 (em 24 dias)", "Adicionado:": "05/10/2023"}}
{"category": "Kitnets ofertadas pelo proprietário para Aluguel", "link": "https://classificados.inf.ufsc.br/detail.php?id=209227", "date": "2023-10-05", "title": "\nApto de 01 dorm, mobiliado, com a/c e garagem, ...", "description": "Ótima opção para locação ao lado da UFSC na Morada BeM, no bairro Pantanal, a 300m da UFSC e Eletrosul.\r\nO local é perfeito para quem quer tranquilidade e ao mesmo tempo estar perto de toda a infraestrutura urbana, de comércio e serviços.\n\r\nApartamento novo, do tipo 01 dormitório, com peças separadas, no segundo pavimento do condomínio, bem iluminado e arejado, contando com uma agradável vista.\n\r\n* Apto de 01 dormitório com peças separadas (sala/cozinha separado do quarto)\r\n* Vaga de garagem\r\n* Apto no segundo pavimento com linda vista\r\n* Apartamento todo mobiliado, com mobília planejada em MDF\r\n* Eletrodomésticos novos, geladeira, micro ondas, fogão elétrico\r\n* Ar Condicionado\r\n* Cama box de casal de ótima qualidade\r\n* Muito ensolarado e arejado com duas grandes janelas\r\n* Unidade em posição muito privilegiada, privada e confortável\r\n* Teto elevado, proporcionando muito conforto ao ambiente, inclusive conforto térmico\r\n* Banheiro grande com box em vidro temperado, ducha eletrônica\r\n* Energia e água individuais, você só paga àquilo que consumir.\r\n* Sem cobrança extra de condomínio\r\n* Sem cobrança de IPTU\r\n* Internet banda larga FREE\n\r\nObs: nas fotos, ainda não haviam sido instaladas a mesa e cadeira.\n\r\nValor do Aluguel R$ 1.600,00 mensais.\n\r\nInteressou? Entre em contato através do (48) 98802-6507 com Carlos e agende sua visita!!!!\n\r\n**Contratos anuais mediante depósito caução. Não é permitido fumar nem manter animais de estimação nas dependências do condomínio, bem como nos apartamentos.", "general_details": {"Vendido por:": "Larissa Marcelli Silveira Vigo", "Email:": "larissamarcelli@gmail.com"}, "advertisement_details": {"Bairro": "Pantanal", "Cidade": "Florianópolis", "Preço": "R$ 1.600,00", "Água, cond. e IPTU inclusos?": "Condo e iptu inclusos", "Lavanderia disponível?": "Sim", "Conexão c/Internet?": "Wifi Cortesia", "Permitido animais?": "Não", "Anúncio nº:": "209227", "Visualizações:": "84", "Anúncio expira:": "20/10/2023 (em 9 dias)", "Adicionado:": "05/10/2023"}}
{"category": "Aptos Ofertados pelo Proprietário para Aluguel", "link": "https://classificados.inf.ufsc.br/detail.php?id=209226", "date": "2023-10-05", "title": "\nApto de 01 quarto, mobiliado, com a/c e garagem...", "description": "Ótima opção para locação ao lado da UFSC na Morada BeM, no bairro Pantanal, a 300m da UFSC e Eletrosul.\r\nO local é perfeito para quem quer tranquilidade e ao mesmo tempo estar perto de toda a infraestrutura urbana, de comércio e serviços.\n\r\nApartamento novo, do tipo 01 dormitório, com peças separadas, no segundo pavimento do condomínio, bem iluminado e arejado, contando com uma agradável vista.\n\r\n* Apto de 01 dormitório com peças separadas (sala/cozinha separado do quarto)\r\n* Vaga de garagem\r\n* Apto no segundo pavimento com linda vista\r\n* Apartamento todo mobiliado, com mobília planejada em MDF\r\n* Eletrodomésticos novos, geladeira, micro ondas, fogão elétrico\r\n* Ar Condicionado\r\n* Cama box de casal de ótima qualidade\r\n* Muito ensolarado e arejado com duas grandes janelas\r\n* Unidade em posição muito privilegiada, privada e confortável\r\n* Teto elevado, proporcionando muito conforto ao ambiente, inclusive conforto térmico\r\n* Banheiro grande com box em vidro temperado, ducha eletrônica\r\n* Energia e água individuais, você só paga àquilo que consumir.\r\n* Sem cobrança extra de condomínio\r\n* Sem cobrança de IPTU\r\n* Internet banda larga FREE\n\r\nObs: nas fotos, ainda não haviam sido instaladas a mesa e cadeira.\n\r\nValor do Aluguel R$ 1.600,00 mensais.\n\r\nInteressou? Entre em contato através do (48) 98802-6507 com Carlos e agende sua visita!!!!\n\r\n**Contratos anuais mediante depósito caução. Não é permitido fumar nem manter animais de estimação nas dependências do condomínio, bem como nos apartamentos.", "general_details": {"Vendido por:": "Larissa Marcelli Silveira Vigo", "Email:": "larissamarcelli@gmail.com"}, "advertisement_details": {"Bairro": "Pantanal", "Cidade": "Florianópolis", "Preço": "R$ 1.600,00", "Água, cond. e IPTU inclusos?": "Condo e iptu inclusos", "Lavanderia disponível?": "Sim", "Conexão c/Internet?": "Wifi Cortesia", "Permitido animais?": "Não", "Anúncio nº:": "209226", "Visualizações:": "60", "Anúncio expira:": "20/10/2023 (em 9 dias)", "Adicionado:": "05/10/2023"}}
{"category": " Camas, Beliches, Colchões e Similares", "link": "https://classificados.inf.ufsc.br/detail.php?id=209225", "date": "2023-10-05", "title": "\nColchão solteiro Ortobom pró-saúde extra-firme", "description": "Vendo colchão de solteiro Ortobom pró-saúde extra-firme alta firmeza com conforto. Pouco utilizado e sempre protegido com capa impermeável. Praticamente NOVO.\n\r\n17cm x 1m88cm x 88cm\n\n\r\nValor: R$ 420,00\n\n\r\nGeovani (48) 991657745 (Whatsapp/TIM)\r\nEmail: grw.ufsc@gmail.com", "general_details": {"Vendido por:": "Geovani Ricardo Wiedenhoft", "Email:": "Contatar Vendedor"}, "advertisement_details": {"Preço": "R$ 420,00", "Anúncio nº:": "209225", "Visualizações:": "12", "Anúncio expira:": "04/11/2023 (em 24 dias)", "Adicionado:": "05/10/2023"}}
{"category": " Aparelhos de Som e Imagem", "link": "https://classificados.inf.ufsc.br/detail.php?id=209224", "date": "2023-10-05", "title": "\nDVD Philips com controle remoto", "description": "Vendo DVD player Philips modelo DVP530 com controle remoto e cabos.\n\n\r\nValor: R$ 70,00\n\r\nGeovani (48) 991657745 (Whatsapp/TIM)\r\nEmail: grw.ufsc@gmail.com", "general_details": {"Vendido por:": "Geovani Ricardo Wiedenhoft", "Email:": "Contatar Vendedor"}, "advertisement_details": {"Preço": "R$ 70,00", "Anúncio nº:": "209224", "Visualizações:": "10", "Anúncio expira:": "04/11/2023 (em 24 dias)", "Adicionado:": "05/10/2023"}}
{"category": " Aparelhos de Som e Imagem", "link": "https://classificados.inf.ufsc.br/detail.php?id=209223", "date": "2023-10-05", "title": "\nTV Sony Bravia 32\" com defeito", "description": "Vendo televisão de 32\" da marca Sony Bravia, modelo KDL-32EX525 com defeito (efeito fantasma). Não acompanha o controle remoto.\n\n\r\nValor: R$ 170,00\n\n\r\nGeovani (48) 991657745 (Whatsapp/TIM)\r\nEmail: grw.ufsc@gmail.com", "general_details": {"Vendido por:": "Geovani Ricardo Wiedenhoft", "Email:": "Contatar Vendedor"}, "advertisement_details": {"Preço": "R$ 170,00", "Anúncio nº:": "209223", "Visualizações:": "10", "Anúncio expira:": "04/11/2023 (em 24 dias)", "Adicionado:": "05/10/2023"}}
{"category": " Aparelhos de Som e Imagem", "link": "https://classificados.inf.ufsc.br/detail.php?id=209222", "date": "2023-10-05", "title": "\nTV 40\" LED Philips Série 5000 40PFL5605D Full ...", "description": "Vendo TV 40\" LED Philips Modelo 40PFL5605D Full HD c/ Conversor Digital - 120Hz\n\r\nValor: R$ 880,00\n\r\nGeovani (48) 991657745 (Whatsapp/TIM)\r\nEmail: grw.ufsc@gmail.com\n\r\nDetalhes do produto\r\nO entretenimento ganha vida com o impressionante desempenho de imagem LED.\n\r\nViva o momento como se você estivesse em cena com o 3P com Pixel PlusHD e o impressionante sistema de som invisível.\n\r\nConfira os destaques da 40PFL5605D:\n\r\n- 3P com Pixel Plus HD:\r\nO 3P com Pixel Plus HD é uma tecnologia de processamento de imagem que permite a você assistir cenas com absoluta nitidez a partir de qualquer fonte de alta definição. O resultado são imagens vivas, naturais, reais, com detalhes e profundidade incríveis. Defeitos e ruídos em todas as fontes, de multimídia à TV padrão e também de HD com alta compactação, são detectados e reduzidos, garantindo uma imagem límpida e nítida.\n\r\n- 120Hz LCD, tempo de resposta de 2 ms:\r\nO 120Hz LCD cria uma excelente nitidez de movimentos para imagens nítidas e vibrantes mesmo em filmes de muita ação. Ele duplica a nitidez da reprodução de movimento em relação ao LCD convencional, resultando em um alto desempenho com tempo de resposta de 2 ms (medido em Perceived Blur-Edge-Width; BEW). Essa tecnologia exclusiva da Philips leva a nitidez de movimento das telas LCD a um nível sem precedentes.\n\r\n- HD Natural Motion:\r\nA Philips inventou o HD Natural Motion para eliminar efeitos de tremulação visíveis em imagens de filmes. O HD Natural Motion avalia o movimento da imagem e corrige a tremulação tanto em transmissões quanto em material gravado (como DVD ou Disco Blu-ray). O resultado é uma reprodução de movimentos suaves, com excelente nitidez de imagens cinematográficas.\n\r\n- 20 W e Incredible Surround:\r\nSinta a potência da batida da música e a atmosfera do cinema. Os amplificadores potentes de 20 W RMS (2 x 10 W) criam uma amplidão sonora real. O Incredible Surround proporciona uma experiência totalmente envolvente, com maior amplitude e profundidade de som. Ele oferece um som de palco nítido e abrangente, complementando a rica experiência visual.\n\r\n- Três entradas HDMI com Easylink:\r\n- USB (multimídia):\r\n- Entrada para PC (VGA):\r\n- Conversor DTV integrado:\n\n\r\nCaracterísticas.\n\r\nCaracterísticas Gerais\r\n    Imagem/tela:\r\n    - Proporção da imagem: Widescreen\r\n    - Ângulo de visão: 176º (H) / 176º (V)\r\n    - Tipo de tela: Matriz Ativa W-UXGA\r\n    - Aprimoramento de imagens: 3P com Pixel Plus HD, 3/2 - 2/2 motion pull down, Combfilter 3D, Active Control com Light Sensor, Aprimoramento de cores, Eliminação de Linhas Serrilhadas, Luminance Transient Improver (LTI), Redução de ruído 2D/3D, 1080p e processamento de 24/25/30 Hz, 1080p e processamento de 50/60 Hz, 120Hz LCD, HD Natural Motion\n\r\n    Resolução de imagem suportada - Formatos do computador:\r\n    - 640 x 480: 60 Hz\r\n    - 800 x 600: 60 Hz\r\n    - 1024 x 768: 60 Hz\r\n    - 1280 x 1024: 60 Hz\r\n    - 1360 x 768: 60 Hz\r\n    - 1920 x 1080: 60 Hz\n\r\n    Resolução de imagem suportada - Formatos de vídeo:\r\n    - 480i: 60 Hz\r\n    - 480p: 60 Hz\r\n    - 576i: 50 Hz\r\n    - 576p: 50 Hz\r\n    - 720p: 50, 60 Hz\r\n    - 1080i: 50, 60 Hz\r\n    - 1080p: 24, 25, 30, 50, 60 Hz\n\r\n    Som:\r\n    - Recursos de áudio: Nivelador Automático de Volume (AVL), Incredible Surround, Smart Sound, Controle de altos e graves\r\n    - Sistema de áudio: Mono, Estéreo, SAP\n\r\n    Praticidade:\r\n    - Proteção infantil: Censura para crianças + Censura dos pais\r\n    - Timer de desligamento automático\r\n    - Fácil de instalar: Gravação automática, Sintonia digital PLL, Nome do Programa\r\n    - Fácil de usar: Nivelador automático de volume (AVL), Lista de canais, Assistente de configurações, Controle lateral, Smart Picture, Smart Sound, Closed Caption, EasyLink, Seleção de programas favoritos, Botão Home com funções centralizadas\r\n    - Guia eletrônico de programação: exibe o programa atual e o seguinte, Guia eletrônico de programação para 7 dias\r\n    - Idiomas do menu OSD: Inglês, Português, Espanhol\r\n    - Controle remoto: TV\r\n    - Ajustes do formato da tela: 4:3, Auto Format (Formato Automático), Expansão da imagem para 16:9, Super Zoom, Widescreen, sem escala (ponto a ponto de 1080p)\r\n    - Indicação da intensidade do sinal\r\n    - Firmware atualizável: Firmware atualizável via USB\r\n    - Multimídia: Navegador de mídia USB\n\r\n    Aplicações de multimídia:\r\n    - Conexões multimídia: USB\r\n    - Formatos de reprodução: MP3, Imagens estáticas JPEG, MPEG4\r\n    - Aprimoramento da reprodução: Imagens em apresentação de slides\n\r\n    Sintonizador/Recepção/Transmissão:\r\n    - Entrada da antena: 75 ohm tipo F\r\n    - TV: NTSC M, PAL N, PAL M, DTV\r\n    - Reprodução de vídeo: NTSC, PAL (todas as versões)\n\r\nFull HD: sim\r\nConversor para TV digital integrado: sim\r\nTamanho da tela: 40\"\r\nEstéreo: Sim\r\nTecla SAP: Sim\r\nEntrada USB: 1\r\nEntrada HDMI: 3\r\nControle remoto: Sim\n\r\nConexões\r\n    - AV 1: Entrada de áudio L/R (Esq/Dir), YPbPr\r\n    - AV 2: Entrada de áudio L/R (Esq/Dir), YPbPr\r\n    - AV 3: Entrada de áudio L/R (Esq/Dir), Entrada CVBS\r\n    - HDMI 1: HDMI v.1.3\r\n    - HDMI 2: HDMI v.1.3\r\n    - Conexões frontais / laterais: HDMI v.1.3, USB\r\n    - EasyLink (HDMI-CEC)\r\n    - Outras conexões: Entrada VGA do PC + Entrada E/D de áudio, Saída S/PDIF (coaxial)\n\r\nEspecificações Técnicas.\n\r\nSistema de TV: NTSC , PAL-M , PAL-N , ISDB-TB\r\nResolução: 1.920 x 1.080p linhas (2.073.600 pixels)\r\nPotência Total RMS: 20 W\r\nTempo de resposta: 2 ms\r\nDiagonal visual: 102 cm\r\nÂngulo de visão: 176º\r\nEntrada áudio e vídeo: Sim\r\nTaxa de atualização: 120Hz\r\nContraste dinâmico: 500.000:1\r\nBrilho: 450 cd/m²\r\nDimensões s/ base (LxAxP) mm: 977 x 605 x 86\r\nPeso s/ base (kg): 13,7\r\nDimensões c/ base (LxAxP): 977 x 649 x 236\r\nPeso c/ base (kg): 16,1\r\nPadrão do furo p/ instalação na parede: 200 x 200 mm\r\nConsumo de energia: 110 W\r\nCor: Preto\r\nTensão/Voltagem: bivolt\n", "general_details": {"Vendido por:": "Geovani Ricardo Wiedenhoft", "Email:": "Contatar Vendedor"}, "advertisement_details": {"Preço": "R$ 880,00", "Anúncio nº:": "209222", "Visualizações:": "23", "Anúncio expira:": "04/11/2023 (em 24 dias)", "Adicionado:": "05/10/2023"}}
{"category": " Equipamentos e Materiais Esportivos", "link": "https://classificados.inf.ufsc.br/detail.php?id=209221", "date": "2023-10-05", "title": "\nRaquete Drop Shot Vezel 1.0 BT", "description": "Vendo raquete de Beach Tennis Drop Shot Vezel 1.0 BT\n\r\nValor: R$ 350,00\n\n\r\nGeovani (48) 991657745 (Whatsapp/TIM)\r\nEmail: grw.ufsc@gmail.com", "general_details": {"Vendido por:": "Geovani Ricardo Wiedenhoft", "Email:": "Contatar Vendedor"}, "advertisement_details": {"Preço": "R$ 350,00", "Anúncio nº:": "209221", "Visualizações:": "8", "Anúncio expira:": "04/11/2023 (em 24 dias)", "Adicionado:": "05/10/2023"}}
