{"category": "Aulas Particulares  Línguas -  Inglês", "link": "https://classificados.inf.ufsc.br/detail.php?id=208637", "date": "2023-08-27", "title": "\nEnglish Class", "description": "Hi everyone!\n\r\nIf you have interest to learn English let me know.\n\r\nAll the best!\n\r\n(48) 999904538 (Zap)\r\naldrenacoustics@gmail.com\n\n", "general_details": {"Vendido por:": "Aldren Henrique Alves", "Email:": "aldrenacoustics@gmail.com"}, "advertisement_details": {"Anúncio nº:": "208637", "Visualizações:": "36", "Anúncio expira:": "26/10/2023 (em 15 dias)", "Adicionado:": "27/08/2023"}}
{"category": " Transportes e Fretes", "link": "https://classificados.inf.ufsc.br/detail.php?id=208633", "date": "2023-08-27", "title": "\nFrete Mudança / Ricardo (48) 99148-4885", "description": "Ricardo (48) 99148-4885\n\r\nTransporte de cargas (van Boxer): 3,40 m (comprimento) x 1,8 (largura) x 1,8 m (altura) \n\r\nTamanho do baú (caminhão): 6,20 m (comprimento) x 2,30 m (largura) x 2,30 m (altura)\n\r\nGrande Florianópolis e municípios vizinhos.\n\r\nTambém fazemos fretes nos feriados e finais de semana.", "general_details": {"Vendido por:": "Everton Ricardo Tomaz", "Email:": "Contatar Vendedor"}, "advertisement_details": {"Anúncio nº:": "208633", "Visualizações:": "51", "Anúncio expira:": "25/11/2023 (em 45 dias)", "Adicionado:": "27/08/2023"}}
