{"category": "Outras Coisas para Quartos", "link": "https://classificados.inf.ufsc.br/detail.php?id=209247", "date": "2023-10-09", "title": "\nCortinas 2 folhas perfeito estado", "description": "Cortinas 2 folhas em tecido resistente e estampado. Perfeito estado. Blackout com poliéster. Não amassa. Não gruda a poeira. Recomendada para varão de 2 metros. Impecável. Para sala, quarto, escritório. Acompanham as argolas de madeira de lei.\r\nAltura: 1,85m com as argolas+bainha de 13cm , se quiser soltar.\r\nLargura: 2 folhas de 0,95m\r\nLargura de consumo: 4 metros.", "general_details": {"Vendido por:": "Ana Mabel Ortiz", "Email:": "Contatar Vendedor"}, "advertisement_details": {"Preço": "80", "Anúncio nº:": "209247", "Visualizações:": "19", "Anúncio expira:": "08/11/2023 (em 28 dias)", "Adicionado:": "09/10/2023"}}
{"category": " Estágios", "link": "https://classificados.inf.ufsc.br/detail.php?id=209246", "date": "2023-10-09", "title": "\nVaga para estágio em escritório contábil", "description": "Vaga para estágio em escritório contábil departamento fiscal na Trindade.\n\r\nInteressados enviar currículo para \n\r\nadm@brtcontabilidade.com.br\n\n", "general_details": {"Vendido por:": "Fernanda Brunetto", "Email:": "adm@brunettocontabilidade.com.br"}, "advertisement_details": {"Anúncio nº:": "209246", "Visualizações:": "14", "Anúncio expira:": "08/11/2023 (em 28 dias)", "Adicionado:": "09/10/2023"}}
{"category": "Kitnets ofertadas pelo proprietário para Aluguel", "link": "https://classificados.inf.ufsc.br/detail.php?id=209245", "date": "2023-10-09", "title": "\nKitnet na Carvoeira - somente mulheres", "description": "A02-Situado na Rua das Acácias, n 79 - Carvoeira\n\r\nO prédio fica situado a 5 minutos da UFSC em local tranquilo e com ótima vizinhança.\n\r\nO valor do aluguel é de R$ 1.145,00.\n\r\n- Terreno fechado com câmeras de segurança, proporcionando assim maior segurança e comodidade as moradoras;\n\r\n- Apartamento todo planejado e mobiliado com:\r\n1) Cama de Solteiro Box;\r\n2) Roupeiro;\r\n3) Pia com armários de cozinha;\r\n4) Geladeira;\r\n5) Fogão elétrico;\r\n6) Mesa de estudos com cadeira;\r\n7) Armário de banheiro;\r\n8) Box de banheiro.\n\r\n- Aluguel exclusivamente para mulheres;\r\n- Condomínio R$ 89,00;\r\n- Internet sem fio por R$ 49,00/mês (opcional);\r\n- Lavanderia por aplicativo \r\n- Não necessita fiador, para locação é exigido um valor (caução) de R$ 1.145,00 que será devolvido no final do contrato;\r\n- Água e Luz pago a parte com medidor individual;", "general_details": {"Vendido por:": "Márcio Alexandre Kuntze", "Email:": "Contatar Vendedor"}, "advertisement_details": {"Logradouro, nº": "Travessa das Alamandas, 79", "Complemento": "A02", "Bairro": "Carvoeira", "Cidade": "Florianópolis", "Preço": "1.145,00", "Água, cond. e IPTU inclusos?": "IPTU incluso, Condomínio, água e luz a parte", "Lavanderia disponível?": "Sim, por aplicativo", "Conexão c/Internet?": "Sim, 49,00", "Permitido animais?": "Não, em hipótese nenhuma", "Anúncio nº:": "209245", "Visualizações:": "17", "Anúncio expira:": "08/11/2023 (em 28 dias)", "Adicionado:": "09/10/2023"}}
{"category": "Kitnets ofertadas pelo proprietário para Aluguel", "link": "https://classificados.inf.ufsc.br/detail.php?id=209244", "date": "2023-10-09", "title": "\nLinda Kitnet na Carvoeira - somente mulheres", "description": "B19 - Situado na Rua Capitão Romualdo de Barros, n 586 - Carvoeira\n\r\nO prédio fica situado a 5 minutos da UFSC em local tranquilo e com ótima vizinhança.\n\r\nO valor do aluguel é de R$ 1.045,00.\n\r\n- Terreno fechado com câmeras de segurança, proporcionando assim maior segurança e comodidade as moradoras;\r\n- Internet sem fio por R$ 49,00/mês (opcional);\r\n- Lavanderia por aplicativo\n\r\n- Apartamento todo planejado e mobiliado com:\r\n1) Cama de Solteiro Box;\r\n2) Roupeiro;\r\n3) Pia com armários de cozinha;\r\n4) Geladeira;\r\n5) Fogão elétrico;\r\n6) Mesa de estudos com cadeira;\r\n7) Armário de banheiro;\r\n8) Box de banheiro.", "general_details": {"Vendido por:": "Márcio Alexandre Kuntze", "Email:": "Contatar Vendedor"}, "advertisement_details": {"Logradouro, nº": "Rua Capitão Romualdo de Bastos, 586", "Complemento": "B19", "Bairro": "Carvoeira", "Cidade": "Florianópolis", "Preço": "1.045,00", "Água, cond. e IPTU inclusos?": "IPTU incluso, Condomínio, água e luz a parte", "Lavanderia disponível?": "Sim, por aplicativo", "Conexão c/Internet?": "Sim, 49,00", "Permitido animais?": "Não, em hipótese nenhuma", "Anúncio nº:": "209244", "Visualizações:": "19", "Anúncio expira:": "08/11/2023 (em 28 dias)", "Adicionado:": "09/10/2023"}}
