{"category": "Aptos Ofertados pelo Proprietário para Aluguel", "link": "https://classificados.inf.ufsc.br/detail.php?id=208713", "date": "2023-08-31", "title": "\nAp 1qto/Mob ñ cobro cond/IPTU lado UFSC", "description": "Apartamento mobiliado completo (ver abaixo), 5 min da UFSC a pé, aluguel direto com o dono.\n\r\nValor sem garagem. Para garagem, consultar condições.\n\r\n+ FOTOS E VÍDEOS DISPONIVEIS EM:\r\nhttps://photos.app.goo.gl/T5Peqk2qJ3DRn4WM7\n\r\nINCLUSO no aluguel: condomínio, IPTU e água.\r\nNÃO INCLUSO: gás, luz e internet. (tem fibra ótica Olé e ClaroNet disponíveis no condomínio por R$70)\n\r\nMOBÍLIA:\r\nCOZINHA: fogão, geladeira, balcão de pia, balcão auxiliar, microondas\r\nAREA: tanque louça, varal, espera para máquina de lavar.\r\nSALA: sofá, mesa, quatro cadeiras, luminária, escrivaninha\r\nQUARTO: Base cama box casal (basta solicitar), guarda-roupas 6 portas.\r\nBANHEIRO: espelho, box.\r\n+cortinas\r\n(só não forneço colchão)\n\r\nCONTATO RENAN – 48-9-9164-3210 (whatsapp)\n\r\n+ FOTOS E VÍDEOS DISPONIVEIS EM:\r\nhttps://photos.app.goo.gl/T5Peqk2qJ3DRn4WM7", "general_details": {"Vendido por:": "Renan Vermeulen Noceti", "Email:": "renano7@yahoo.com.br"}, "advertisement_details": {"Logradouro, nº": "Av. Desembargador Vitor Lima, 410", "Complemento": "A2-201", "Bairro": "Trindade", "Cidade": "Florianópolis", "Preço": "2190", "Água, cond. e IPTU inclusos?": "Sim", "Lavanderia disponível?": "Sim, privativa no apto", "Conexão c/Internet?": "Não, mas tem fibra a ~90 disponível no condomínio", "Permitido animais?": "Sim", "Anúncio nº:": "208713", "Visualizações:": "1619", "Anúncio expira:": "30/10/2023 (em 19 dias)", "Adicionado:": "31/08/2023"}}
{"category": "Aptos Ofertados pelo Proprietário para Aluguel", "link": "https://classificados.inf.ufsc.br/detail.php?id=208710", "date": "2023-08-31", "title": "\nApartamento em frente à UFSC", "description": "Apartamento de dois quartos, banheiro, sala, cozinha e lavanderia. Semimobiliado.\n\r\nLocal seguro e tranquilo, em frente ao campo de futebol da UFSC.\n\r\nAlém dos móveis, o apto conta com os seguintes eletrodomésticos: geladeira, forno microondas, forno elétrico, cooktop e ar condicionado em um dos quartos.\n\r\nPossui estacionamento rotativo para moradores.\n\r\nO valor do aluguel já inclui o IPTU e seguro obrigatório,\n\r\nAluguel mediante contrato e análise de crédito.\n\r\nContato whatsapp com Ruth (48) 98841-2418\n", "general_details": {"Vendido por:": "Roberto Meurer", "Email:": "Contatar Vendedor"}, "advertisement_details": {"Logradouro, nº": "Rua Deputado Antonio Edu Vieira, 1580", "Bairro": "Pantanal", "Cidade": "Florianópolis", "Preço": "1950,00", "Água, cond. e IPTU inclusos?": "Não. Somente IPTU e seguro obrigatório inclusos.", "Lavanderia disponível?": "sim", "Anúncio nº:": "208710", "Visualizações:": "2039", "Anúncio expira:": "02/11/2023 (em 22 dias)", "Adicionado:": "31/08/2023"}}
