{"category": " Ofertas de Quartos/Vagas - Trindade", "link": "https://classificados.inf.ufsc.br/detail.php?id=209070", "date": "2023-09-23", "title": "\nVaga de quarto na trindade", "description": "Aluguel de quarto amplo, arejado e iluminado. O ap é totalmente mobiliado com moveis e eletrodomesticos de qualidade e semi novos, os móveis do quarto não são do ap, mas podem ser comprados da antiga moradora(preço excelente).\r\n O ap tem sala, cozinha, banheiro, lavabo e 3 quartos, sendo no total 3 moradoras.\r\nFica perto do titri e UFSC, ótima localização.\r\nNÃO aceitamos fumantes.\r\nNão aceitamos pets\r\nApenas para mulheres.\r\nProcuramos alguém com rotina parecida com a nossa que seja organizada e responsável.\r\nO valor do aluguel é 760 mais as contas da casa que giram em torno de 350 reias. \r\nPara mais informações chamar no whats 41997973883\n", "general_details": {"Vendido por:": "Rosiane Kiviatcoski Kozlowski", "Email:": "Contatar Vendedor"}, "advertisement_details": {"Logradouro, nº": "Rua José dutra, 70", "Complemento": "Apartamento", "Bairro": "Trindade", "Cidade": "Florianópolis", "Gênero": "Feminino", "Preço": "760", "Água, cond. e IPTU inclusos?": "Não", "Lavanderia disponível?": "Sim", "Conexão c/Internet?": "Sim", "Permitido animais?": "Não", "Anúncio nº:": "209070", "Visualizações:": "645", "Anúncio expira:": "11/10/2023 (em 0 dias)", "Adicionado:": "23/09/2023"}}
{"category": "Kitnets ofertadas pelo proprietário para Aluguel", "link": "https://classificados.inf.ufsc.br/detail.php?id=209069", "date": "2023-09-23", "title": "\nAluga-se kitnet frente UFSC, CTC, odontologia, ...", "description": "Kitnet mobiliada com ar condicionado, com utensílios cozinha, micro-ondas, geladeira, liquidificador, sanduicheira, máquina de lavar roupa, TV smart de 32 polegadas e outros\r\nR$ 1500,00 com água e internet incluso a luz é conta individual\r\nTratar com Rosangela\r\n48-99631-02-30", "general_details": {"Vendido por:": "Diego Fernando Dorneles Bilheri", "Email:": "Contatar Vendedor"}, "advertisement_details": {"Preço": "1500", "Conexão c/Internet?": "Sim", "Anúncio nº:": "209069", "Visualizações:": "591", "Anúncio expira:": "23/10/2023 (em 12 dias)", "Adicionado:": "23/09/2023"}}
