{"category": "Eletrodomésticos em Geral", "link": "https://classificados.inf.ufsc.br/detail.php?id=208700", "date": "2023-08-30", "title": "\nChapinha alisa cabelo nova 220 v", "description": "220v", "general_details": {"Vendido por:": "Ana Mabel Ortiz", "Email:": "Contatar Vendedor"}, "advertisement_details": {"Preço": "35", "Anúncio nº:": "208700", "Visualizações:": "43", "Anúncio expira:": "29/10/2023 (em 18 dias)", "Adicionado:": "30/08/2023"}}
{"category": " Transportes e Fretes", "link": "https://classificados.inf.ufsc.br/detail.php?id=208697", "date": "2023-08-30", "title": "\nFRETE RÁPIDO PREÇO JUSTO WHATS 996201681 DESM...", "description": "FRETE RÁPIDO PREÇO JUSTO WHATS 996201681 DESMONTAGEM E MONTAGEM. RETIRADA DE REJEITOS", "general_details": {"Vendido por:": "Natalia Lobato de Magalhães", "Email:": "Contatar Vendedor"}, "advertisement_details": {"Anúncio nº:": "208697", "Visualizações:": "49", "Anúncio expira:": "28/11/2023 (em 48 dias)", "Adicionado:": "30/08/2023"}}
{"category": " Empregos", "link": "https://classificados.inf.ufsc.br/detail.php?id=208696", "date": "2023-08-30", "title": "\nAuxiliar de laboratório de farmácia de manipu...", "description": "Vaga para auxiliar de laboratório de farmácia de manipulação. Desejável experiência em manipulação de fórmulas sólidas, semissólidas e liquidas.\n\r\nHorário de trabalho: SEG-SEX: 09:00-18:00 (1h almoço) e SAB: 08:00-12:00\r\nLocal: Rua Cel. Pedro Demoro, 2104 - Estreito - Florianópolis - SC\n\r\nSalário: à combinar\r\nCurrículos: recrutamento@homeopatiagalenica.com.br", "general_details": {"Vendido por:": "Charles Fiamoncini", "Email:": "Contatar Vendedor"}, "advertisement_details": {"Anúncio nº:": "208696", "Visualizações:": "200", "Anúncio expira:": "29/10/2023 (em 18 dias)", "Adicionado:": "30/08/2023"}}
