{"category": " Motocicletas e Acessórios", "link": "https://classificados.inf.ufsc.br/detail.php?id=208451", "date": "2023-08-16", "title": "\nCapacete escamoteável (robocop) Etceter com ó...", "description": "Capacete escamoteável (estilo robocop) com óculos interno, tamanho 58.\n\r\nPreto com detalhes dourado. Com selo inmetro. Usado poucas vezes, pois comprei o número errado.\n\r\nEntrego na UFSC e Sul da ilha. Aceito proposta\n\r\nContato willbassoli@gmail.com", "general_details": {"Vendido por:": "William Renan Basso Bassoli", "Email:": "Contatar Vendedor"}, "advertisement_details": {"Preço": "300,00", "Anúncio nº:": "208451", "Visualizações:": "70", "Anúncio expira:": "15/10/2023 (em 4 dias)", "Adicionado:": "16/08/2023"}}
{"category": "Outros Instrumentos e Aparelhos", "link": "https://classificados.inf.ufsc.br/detail.php?id=208445", "date": "2023-08-16", "title": "\nBlack+Decker Vaporizador portátil de roupas", "description": "Detalhes: 1200W, 220V\r\nEstado: pouco utilizado, acompanha acessórios originais (bico de cerdas, bico de escova e abastecedor de reservatório)\r\nLink do produto novo: https://www.amazon.com.br/VAPORIZADOR-PORT%C3%81TIL-ROUPAS-HIGIENIZADOR-CONTINUO/dp/B07DZ3MVZ2/\r\nPreço: R$ 140\r\nBrinde: removedor de bolinhas de tecidos (vide foto).\r\nRetirada na Carvoeira (próximo ao Moochacho). \n", "general_details": {"Vendido por:": "Estevan Hideki Murai", "Email:": "Contatar Vendedor"}, "advertisement_details": {"Preço": "140", "Anúncio nº:": "208445", "Visualizações:": "65", "Anúncio expira:": "15/10/2023 (em 4 dias)", "Adicionado:": "16/08/2023"}}
