{"category": " Ofertas de Quartos/Vagas - Trindade", "link": "https://classificados.inf.ufsc.br/detail.php?id=209220", "date": "2023-10-04", "title": "\nQuarto individual em apartamento mobiliado pró...", "description": "Quarto individual no valor de R$920, incluso: Água, internet e condomínio. Luz a parte, custando em média R$35.\n\r\n- Não aceitamos animais;\r\n- Não aceitamos fumantes;\r\n- Necessário ter cuidado com a limpeza;\r\n- Colchão de casal disponível;\r\n- Quarto disponível até início de Jan/2024;\r\n- Condomínio com acesso a Avenida Beira-mar, próximo ao TITRI e ao Shopping Villa Romana.\n\n\r\nWhatsApp: Daniel Santos (48)998379292", "general_details": {"Vendido por:": "Daniel Santos da Silva", "Email:": "Contatar Vendedor"}, "advertisement_details": {"Logradouro, nº": "Rua Luiz Oscar de Carvalho, 207", "Complemento": "Condomínio solar Santa Paula", "Bairro": "Trindade", "Cidade": "Florianópolis", "Gênero": "Feminino, Masculino", "Preço": "920", "Água, cond. e IPTU inclusos?": "Sim", "Lavanderia disponível?": "Sim", "Conexão c/Internet?": "Sim", "Permitido animais?": "Não", "Anúncio nº:": "209220", "Visualizações:": "103", "Anúncio expira:": "19/10/2023 (em 8 dias)", "Adicionado:": "04/10/2023"}}
{"category": " Ofertas de Quartos/Vagas - Trindade", "link": "https://classificados.inf.ufsc.br/detail.php?id=209219", "date": "2023-10-04", "title": "\nQuarto individual,tudo incluso", "description": "Quarto individual,tudo incluso, são 3 quartos no total, apê super espaçoso, na melhor localização da região, perto de tudo, mercado, farmácia, acadêmia, padaria,  5 min da UFSC, em frente ao shopping e pista de skate etc. \r\nBusco pessoa que esteja estudando, higiênico e organizado (assim como eu) e procure um lar tranquilo para viver.\n\r\n*Somente há rateio de gás de 4/4 meses (30 reais) e faxina SE precisar.\n\r\nPreferência por estudantes\n\r\nWhats (51)999291480, falar com Lucas Peifer (responsável pelas informações do anúncio e pela locação)", "general_details": {"Vendido por:": "Gabriela Ireni Gonçalves", "Email:": "gabriela.ireni@gmail.com"}, "advertisement_details": {"Gênero": "Masculino, Feminino", "Preço": "1450,00", "Anúncio nº:": "209219", "Visualizações:": "97", "Anúncio expira:": "03/11/2023 (em 23 dias)", "Adicionado:": "04/10/2023"}}
{"category": "Imóveis ofertados via Corretor para Venda", "link": "https://classificados.inf.ufsc.br/detail.php?id=209218", "date": "2023-10-04", "title": "\nApartamento próximo à UFSC", "description": "Apartamento próximo à UFSC com 2 dormitórios, em frente ao horto florestal, distante 700m da UFSC e a 400m do centro de engenharia, junto a todo tipo de comércio e serviço.\n\r\n1 vaga de garagem livre.\n\r\nCondomínio com piscina, elevador, portaria 24h, recém pintado, salão de festas e quiosque com churrasqueira.\n\r\nDeseja marcar visita, saber mais informações ou ainda receber outras opções de imóveis similares disponíveis para venda?\n\r\nFique à vontade para chamar no WhatsApp. Evite inúmeras visitas desgastantes.\n\r\nPrestamos toda assessoria necessária e uma aprovação de financiamento rápida junto ao banco desejado.\n\r\nTeremos o prazer em ajudá-lo a realizar o seu sonho!\n\r\nValores e disponibiliade precisam ser confirmados.", "general_details": {"Vendido por:": "Ana das Mercês Pelinson", "Email:": "Contatar Vendedor"}, "advertisement_details": {"Logradouro, nº": "Rua João Pio Duarte e Silva", "Complemento": "684", "Bairro": "Córrego Grande", "Cidade": "Florianópolis", "Preço": "460000", "Permitido animais?": "sim", "Anúncio nº:": "209218", "Visualizações:": "64", "Anúncio expira:": "03/11/2023 (em 23 dias)", "Adicionado:": "04/10/2023"}}
{"category": " Ofertas de Quartos/Vagas - Carvoeira", "link": "https://classificados.inf.ufsc.br/detail.php?id=209217", "date": "2023-10-04", "title": "\nQuarto UFSC", "description": "O maior Coliving de Florianópolis está com vagas Abertas!!!!\n\r\nQuer aproveitar a vida estudantil ou estar num ambiente tranquilo e confortável nas horas vagas do trabalho?\n\r\nNosso coliving é o lugar ideal para você.\r\nSempre prezamos pela boa convivência e organização, nossa casa conta com cozinha toda equipada, churrasqueira, sala de tv, sala de estudos, área de lazer e pessoas super simpáticas e bacanas.\n\r\nNuma localização perfeita para você, 5 minutos andando da UFSC, 20 do vila romana, e fácil acesso ao centro.\n\r\nMe chame e marque uma visita rapido!", "general_details": {"Vendido por:": "Matheus Miguel Guimarães", "Email:": "Contatar Vendedor"}, "advertisement_details": {"Logradouro, nº": "Avenida Julio D'acia Barreto", "Complemento": "Casa", "Bairro": "Carvoeira", "Cidade": "Florianopolis", "Gênero": "Feminino", "Preço": "650", "Água, cond. e IPTU inclusos?": "Sim", "Lavanderia disponível?": "Sim", "Conexão c/Internet?": "Sim", "Permitido animais?": "Sim", "Anúncio nº:": "209217", "Visualizações:": "134", "Anúncio expira:": "03/11/2023 (em 23 dias)", "Adicionado:": "04/10/2023"}}
{"category": " Coisas para Área de Serviço", "link": "https://classificados.inf.ufsc.br/detail.php?id=209216", "date": "2023-10-04", "title": "\nFerro de passar a vapor BLACK+DECKER, 220v, 1100w", "description": "Vendo Ferro de passar a vapor da BLACK+DECKER, 220v, 1100w\r\nRetirar na Carvoeira/ufsc\n\r\nFernanda 41999733525", "general_details": {"Vendido por:": "Fernanda Roberta Bueno", "Email:": "b.roberta@grad.ufsc.br"}, "advertisement_details": {"Preço": "70", "Anúncio nº:": "209216", "Visualizações:": "16", "Anúncio expira:": "03/11/2023 (em 23 dias)", "Adicionado:": "04/10/2023"}}
{"category": " Bicicletas e Acessórios", "link": "https://classificados.inf.ufsc.br/detail.php?id=209215", "date": "2023-10-04", "title": "\nBicicleta MTB aro 29, quadro15,5", "description": "Vendo bicicleta estilo MTB, aro 29, freios a disco, 24v alavancas câmbio RapidFire, câmeras de ar com válvula presta, câmbio dianteiro e traseiro Tourney TZ-500 Shimano\n\r\nBike+capacete\r\nRetirar na Carvoeira\n\r\nFernanda 41 999733525 ", "general_details": {"Vendido por:": "Fernanda Roberta Bueno", "Email:": "b.roberta@grad.ufsc.br"}, "advertisement_details": {"Preço": "1200", "Anúncio nº:": "209215", "Visualizações:": "30", "Anúncio expira:": "03/11/2023 (em 23 dias)", "Adicionado:": "04/10/2023"}}
{"category": " Coisas para Escritório", "link": "https://classificados.inf.ufsc.br/detail.php?id=209214", "date": "2023-10-04", "title": "\nEscrivaninha branca grande / mesa gamer", "description": "Vendo escrivaninha/mesa grande branca\r\nA 0,75\r\nC 1,36\r\nProfundidade 0,60\n\r\nRetirar na Carvoeira\r\nFernanda 41 999733525", "general_details": {"Vendido por:": "Fernanda Roberta Bueno", "Email:": "b.roberta@grad.ufsc.br"}, "advertisement_details": {"Preço": "170", "Anúncio nº:": "209214", "Visualizações:": "40", "Anúncio expira:": "03/11/2023 (em 23 dias)", "Adicionado:": "04/10/2023"}}
{"category": " Coisas para Área de Serviço", "link": "https://classificados.inf.ufsc.br/detail.php?id=209213", "date": "2023-10-04", "title": "\nMop Flash Limp - Mop FIT Giratório", "description": "Vendo mop para limpeza, pouco uso, praticamente novo. Com refil de escova.\n\r\nmotivo da venda: mudança\n\r\nFernanda 41 999733525\r\nretirar carvoeira/ufsc", "general_details": {"Vendido por:": "Fernanda Roberta Bueno", "Email:": "b.roberta@grad.ufsc.br"}, "advertisement_details": {"Preço": "40", "Anúncio nº:": "209213", "Visualizações:": "24", "Anúncio expira:": "03/11/2023 (em 23 dias)", "Adicionado:": "04/10/2023"}}
{"category": "Outras Coisas para Quartos", "link": "https://classificados.inf.ufsc.br/detail.php?id=209212", "date": "2023-10-04", "title": "\nMesa De Cabeceira 2 Gavetas 1nicho", "description": "Vendo mesa de cabeceira, 2 gavetas + nicho. Corrediças metálicas.\n\r\nRetirar na Carvoeira/ufsc\n\r\nFernanda 41 999733525", "general_details": {"Vendido por:": "Fernanda Roberta Bueno", "Email:": "b.roberta@grad.ufsc.br"}, "advertisement_details": {"Preço": "70", "Anúncio nº:": "209212", "Visualizações:": "16", "Anúncio expira:": "03/11/2023 (em 23 dias)", "Adicionado:": "04/10/2023"}}
{"category": " Guarda-roupas, Roupeiros e Armários", "link": "https://classificados.inf.ufsc.br/detail.php?id=209211", "date": "2023-10-04", "title": "\nGuarda-Roupa Casal 8 Portas 4 Gavetas e com Esp...", "description": "Vendo guarda roupa grande\r\nL 2,40\r\nA 2,22\r\nProfundidade 0,47\n\r\nCom espelhos, e um espelho interno. 4 Gavetas, Corrediças Metálicas\r\nRetirar na Carvoeira.\n\r\nFernanda 41 999733525", "general_details": {"Vendido por:": "Fernanda Roberta Bueno", "Email:": "b.roberta@grad.ufsc.br"}, "advertisement_details": {"Preço": "550", "Anúncio nº:": "209211", "Visualizações:": "15", "Anúncio expira:": "03/11/2023 (em 23 dias)", "Adicionado:": "04/10/2023"}}
{"category": " Camas, Beliches, Colchões e Similares", "link": "https://classificados.inf.ufsc.br/detail.php?id=209210", "date": "2023-10-04", "title": "\nConjunto box (base baú e colchão casal)", "description": "Vendo base baú e colchão de espuma (firme)Ortobom, tamanho casal. Pouco uso, praticamente novo.\n\r\nColchão: 138 x1,88 Densidade 33, A 0,18\n\r\nRetirar na Carvoeira\n\r\nFernanda 41999733525", "general_details": {"Vendido por:": "Fernanda Roberta Bueno", "Email:": "b.roberta@grad.ufsc.br"}, "advertisement_details": {"Preço": "830", "Anúncio nº:": "209210", "Visualizações:": "9", "Anúncio expira:": "03/11/2023 (em 23 dias)", "Adicionado:": "04/10/2023"}}
{"category": "Kitnets ofertadas pelo proprietário para Aluguel", "link": "https://classificados.inf.ufsc.br/detail.php?id=209209", "date": "2023-10-04", "title": "\nKitnet 200m da UFSC", "description": "Aluga-se kitnet:\n\r\nMobiliada, limpa, com agua, esgoto e IPTU inclusos. Ambiente tranquilo e familiar. \n\r\nEla é em formato de torre e tem 2 andares. Ideal para estudantes. Ver fotos!\n\r\nDespesas mensais:\r\n• Valor do aluguel: R$ 1400,00\r\n• Luz\n\r\nTratar com Catarina (48)99109-7589\n\r\nPor favor não enviar e-mail.", "general_details": {"Vendido por:": "Pedro Schlickmann Mendes", "Email:": "Contatar Vendedor"}, "advertisement_details": {"Logradouro, nº": "Rua Maria Eduarda, 247", "Bairro": "Pantanal", "Cidade": "Florianópolis", "Preço": "1400", "Água, cond. e IPTU inclusos?": "sim", "Lavanderia disponível?": "sim", "Conexão c/Internet?": "sim", "Anúncio nº:": "209209", "Visualizações:": "267", "Anúncio expira:": "11/10/2023 (em 0 dias)", "Adicionado:": "04/10/2023"}}
{"category": "Imóveis ofertados via Corretor para Venda", "link": "https://classificados.inf.ufsc.br/detail.php?id=209208", "date": "2023-10-04", "title": "\nApartamento com 3 dormitórios", "description": "Apartamento na Trindade com 3 dormitórios (1 suíte), sacada, cozinha mobiliada e 1 vaga privativa. \n\r\nCondomínio seguro, com portaria 24h, quadra, academia, sala de jogos e festas, playground.\n\r\nLocalizado a 800m da UFSC.\n\n", "general_details": {"Vendido por:": "Ana das Mercês Pelinson", "Email:": "Contatar Vendedor"}, "advertisement_details": {"Logradouro, nº": "Rua Lauro Linhares", "Bairro": "Trindade", "Cidade": "Florianópolis", "Preço": "680000", "Permitido animais?": "sim", "Anúncio nº:": "209208", "Visualizações:": "33", "Anúncio expira:": "03/11/2023 (em 23 dias)", "Adicionado:": "04/10/2023"}}
{"category": " Ofertas de Quartos/Vagas - Pantanal", "link": "https://classificados.inf.ufsc.br/detail.php?id=209207", "date": "2023-10-04", "title": "\nquarto republica 5 minutos ufsc", "description": "quarto individual todo mobiliado em rua familiar super bem localizada.\r\nPara mais informacoesfalar com \r\nGiovanna 48 996390951", "general_details": {"Vendido por:": "Stefhany Aparecida Fermino Borges", "Email:": "Contatar Vendedor"}, "advertisement_details": {"Logradouro, nº": "vereador frederico veras 330", "Complemento": "casa", "Bairro": "pantanal", "Cidade": "florianopolis", "Gênero": "Feminino", "Preço": "1000 a 1650", "Água, cond. e IPTU inclusos?": "sim", "Lavanderia disponível?": "sim", "Conexão c/Internet?": "sim", "Permitido animais?": "nao", "Anúncio nº:": "209207", "Visualizações:": "51", "Anúncio expira:": "03/11/2023 (em 23 dias)", "Adicionado:": "04/10/2023"}}
{"category": "Imóveis ofertados via Corretor para Venda", "link": "https://classificados.inf.ufsc.br/detail.php?id=209206", "date": "2023-10-04", "title": "\nCasa próximo à UFSC com quintal", "description": "Casa próximo à UFSC com quintal, 3 dormitórios (1 suíte ampla), espaço com churrasqueira, pia e tv, sala dois ambientes, quintal com edícula, lavanderia, quarto e banheiro. \n\r\nDisponibilidade e preço podem sofrer alterações, confirme pelo WhatsApp 48-99113-8227.\n\r\nAna P.\r\n@anapeimoveis\r\nhttps://anapeimoveis.com.br/", "general_details": {"Vendido por:": "Ana das Mercês Pelinson", "Email:": "Contatar Vendedor"}, "advertisement_details": {"Logradouro, nº": "Rua José Francisco Dias Areias", "Bairro": "Trindade", "Cidade": "Florianópolis", "Preço": "890000", "Anúncio nº:": "209206", "Visualizações:": "36", "Anúncio expira:": "03/11/2023 (em 23 dias)", "Adicionado:": "04/10/2023"}}
{"category": "Imóveis ofertados via Corretor para Venda", "link": "https://classificados.inf.ufsc.br/detail.php?id=209205", "date": "2023-10-04", "title": "\nCasa próximo à UFSC", "description": "Ótima casa próximo à UFSC com 4 dormitórios (sendo 1 suíte ampla), cozinha mobiliada, terraço, edícula com churrasqueira, escritório/quarto e banheiro.\n\r\nLocalizada a uma quadra da av. Lauro Linhares, não em subida. Boa para investimento também.  \n\r\nOportunidade: R$860mil negociamos\n\r\nDisponibilidade e preço podem sofrer alterações, confirme pelo WhatsApp 48-99113-8227.\n\r\nAna P.\r\n@anapeimoveis\r\nhttps://anapeimoveis.com.br/", "general_details": {"Vendido por:": "Ana das Mercês Pelinson", "Email:": "Contatar Vendedor"}, "advertisement_details": {"Logradouro, nº": "Rua Professor Elpídio Barbosa", "Bairro": "Trindade", "Cidade": "Florianópolia", "Preço": "860000", "Anúncio nº:": "209205", "Visualizações:": "19", "Anúncio expira:": "03/11/2023 (em 23 dias)", "Adicionado:": "04/10/2023"}}
{"category": "Ofertas de Quartos/Vagas - Outros Bairros", "link": "https://classificados.inf.ufsc.br/detail.php?id=209204", "date": "2023-10-04", "title": "\nALUGO QUARTO INGLESES", "description": "Alugo quarto até dezembro no Ingleses Centro, próximo a tudo. Mercado, padaria, farmácia, MCDonalds, da pra ir a pe até o mar. Da pra fazer literalmente tudo a pé. \r\nO quarto tem um ventilador a disposição, uma cômoda, uma cama box de solteiro e mais uma auxiliar acoplada.\r\nApartamento todo mobiliado, com praticamente tudo dentro, bem completinho e aconchegante. \r\nEu sou estudante da UFSC, e moro aqui sozinha, sou bem tranquila e passo maior parte do tempo fora de casa.\r\nEstou alugando por 500,00 com todas as contas inclusas (luz, água, condomínio e internet). Só produto de limpeza a parte mesmo.\r\nOBS: locação para saída até dia 10/12. Não possui máquina de lavar, apenas tanque. \r\nMeu Whats: 47 996474166\r\nFalar com Ketlyn ", "general_details": {"Vendido por:": "Ketlyn Ferraz Leal", "Email:": "Contatar Vendedor"}, "advertisement_details": {"Logradouro, nº": "Rua major Câmara, n 122", "Bairro": "Ingleses Centro", "Cidade": "Florianópolis", "Gênero": "Masculino, Feminino", "Preço": "500", "Água, cond. e IPTU inclusos?": "Sim", "Lavanderia disponível?": "Sim", "Conexão c/Internet?": "Sim", "Permitido animais?": "Não", "Anúncio nº:": "209204", "Visualizações:": "67", "Anúncio expira:": "03/11/2023 (em 23 dias)", "Adicionado:": "04/10/2023"}}
