{"category": " Ofertas de Quartos/Vagas - Trindade", "link": "https://classificados.inf.ufsc.br/detail.php?id=209288", "date": "2023-10-24", "title": "\nQuarto mobiliado contas inclusas", "description": "Contato 48 99975 8845\n\r\nVaga Feminina \n\r\nQuarto privativo mobiliado (armário, cabideiros, prateleiras, cama).\n\r\nR$750 (todas as contas inclusas).\n\r\nCasa com 3 banheiros; cozinha grande com 2 geladeiras, micro-ondas, forno, armários individuais, louças; hall de estudos; lavanderia com 2 máquinas; área com varais; jardim e garagem.\n\r\nCasa dividida só com meninas, todas estudam e trabalham, ambiente tranquilo e harmonioso.\n\r\nRua Álvaro Ramos, 199, Trindade.\r\nBem próximo da Lauro Linhares, não sobe morro e não alaga. Próximo ao Titri, Shopping, UFSC e UDESC.", "general_details": {"Vendido por:": "Ana Paula Tridapalli de Almeida", "Email:": "Contatar Vendedor"}, "advertisement_details": {"Logradouro, nº": "Rua Álvaro Ramos, 199", "Bairro": "Trindade", "Cidade": "Florianópolis", "Gênero": "Feminino", "Preço": "750", "Água, cond. e IPTU inclusos?": "Sim", "Lavanderia disponível?": "Sim", "Conexão c/Internet?": "Sim", "Anúncio nº:": "209288", "Visualizações:": "12", "Anúncio expira:": "23/11/2023 (em 30 dias)", "Adicionado:": "24/10/2023"}}
