{"category": "Aulas Particulares  Matemática e Física", "link": "https://classificados.inf.ufsc.br/detail.php?id=208866", "date": "2023-09-09", "title": "\nAulas particulares de física e matemática", "description": "Sou doutorado em física pela UFSC com experiência de aulas particulares, tutoria e monitoria.\n\r\nOfereço aulas particulares de física e matemática para alunos de ensino  médio e superior. Aulas com teoria, exemplos e problemas, conforme a necessidade do aluno.\n\r\nDisciplinas contempladas:\r\n- Física I–IV\r\n- Pré-cálculo\r\n- Cálculo 1–4\r\n- Geometria Analítica\r\n- Física para ensino médio\r\n- Matemática para ensino médio\n\r\nLocais:\r\n- Biblioteca Central da UFSC\r\n- Biblioteca Setorial do CFM\n\r\nE-mail: fernandomhahne@gmail.com\r\nWhatsApp: (48) 9142-4630", "general_details": {"Vendido por:": "Fernando Miguel Hahne", "Email:": "Contatar Vendedor"}, "advertisement_details": {"Anúncio nº:": "208866", "Visualizações:": "37", "Anúncio expira:": "08/11/2023 (em 28 dias)", "Adicionado:": "09/09/2023"}}
{"category": "10 - Outras Coisas", "link": "https://classificados.inf.ufsc.br/detail.php?id=208863", "date": "2023-09-09", "title": "\nVestido de festa", "description": "Vestido longo de festa roxo. Veste do 44 ao 46", "general_details": {"Vendido por:": "Adriane Pinto Rodrigues da Fonseca Pires", "Email:": "Contatar Vendedor"}, "advertisement_details": {"Preço": "300,00", "Anúncio nº:": "208863", "Visualizações:": "17", "Anúncio expira:": "12/10/2023 (em 1 dias)", "Adicionado:": "09/09/2023"}}
