{"category": "Imóveis ofertados via Corretor para Venda", "link": "https://classificados.inf.ufsc.br/detail.php?id=208961", "date": "2023-09-15", "title": "\nREF: 892 - APARTAMENTO 02 QUARTOS COM VAGA A VE...", "description": "CONTATO: (48) 99635-0750 REGIANE BAZER CRECI 24857 F\n\r\nLocalizado em frente ao Horto Florestal, apenas 400 m de distância do Departamento de Engenharia da UFSC.\n\r\nÓtimo apartamento amplo, com 68,15 m² de área privativa, possui 02 dormitórios com ar Split, sala 02 ambientes com Split, cozinha e área de serviço, banheiro social, 1 vaga de garagem livre e coberta.\n\r\nCondomínio com elevador, salão de festas, bicicletário, piscina adulto e infantil, vigilância, portaria 24 horas.\n\r\nEntre em contato e marque sua visita com um de nossos corretores.\n\r\nPrestamos consultoria, assessoria e acompanhamento para obtenção do Financiamento Habitacional e liberação dos recursos vinculados do FGTS.\n\r\nToda e qualquer decisão de compra não deve se basear nas fotos divulgadas, mas sim, na realização de visita presencial ao imóvel.\n\r\nOs preços, condições e informações acima exibidos, poderão sofrer mudanças sem prévio aviso. Por este motivo deverão ser confirmados.\n", "general_details": {"Vendido por:": "Regiane de Fátima Perdoncini Balzer", "Email:": "regibalzerr@gmail.com"}, "advertisement_details": {"Bairro": "Córrego Grande", "Cidade": "Florianópolis", "Preço": "460.000,00", "Anúncio nº:": "208961", "Visualizações:": "196", "Anúncio expira:": "15/10/2023 (em 4 dias)", "Adicionado:": "15/09/2023"}}
{"category": "Aulas Particulares  Matemática e Física", "link": "https://classificados.inf.ufsc.br/detail.php?id=208957", "date": "2023-09-15", "title": "\nAprenda Calculo 1 e Física 1 de verdade!", "description": "Aulas via google meet, com anotações completas em PDF enviadas ao aluno. Horários flexíveis.\n\r\nDisciplinas de física I à IV e cálculos.\n\r\nSobre mim: Doutoranda em Física no PPGFSC/UFSC, Bacharel e Mestre em Física-Matemática pela UFSC.\n\r\nVeja meu perfil no Superprof: https://www.superprof.com.br/aprenda-fisica-calculo-verdade-ensino-medio-superior-bacharel-mestre-fisica-doutoranda-ufsc.html\n\r\nCusto das aulas: \n\r\n**R$45/hora para Cálculo 1 e Física 1 (válido até 30/09/23).\n\r\n**Demais disciplinas = R$60/hora.", "general_details": {"Vendido por:": "Maria de Lourdes Zamboni Peixoto Deglmann", "Email:": "Contatar Vendedor"}, "advertisement_details": {"Anúncio nº:": "208957", "Visualizações:": "27", "Anúncio expira:": "15/10/2023 (em 4 dias)", "Adicionado:": "15/09/2023"}}
{"category": " Cursos em Geral", "link": "https://classificados.inf.ufsc.br/detail.php?id=208953", "date": "2023-09-15", "title": "\naulas de italiano", "description": "Olà gente, \n\r\nmeu nome è Nicco, sou um estudante italiano que jà morou um tempo no Brasil. Graduei em letras italianas e linguistica e tenho experencia como professor de italiano para todos niveis. \r\nEstou disponivel para dar aulas online de gramatica ou canversaçao, sò dar um toque pelo zappp: +393401654770", "general_details": {"Vendido por:": "Niccolò Di Ruscio", "Email:": "Contatar Vendedor"}, "advertisement_details": {"Anúncio nº:": "208953", "Visualizações:": "12", "Anúncio expira:": "15/10/2023 (em 4 dias)", "Adicionado:": "15/09/2023"}}
