{"category": " Revisões, Digitações e Traduções de Textos", "link": "https://classificados.inf.ufsc.br/detail.php?id=208619", "date": "2023-08-25", "title": "\nREVISÃO GRAMATICAL/ORTOGRÁFICA E FORMATAÇÃO...", "description": "Tipos de Texto\n\r\n# TCC\r\n# Dissertação\r\n# Tese\r\n# Apresentação multimídia (PowerPoint ou Impress)\r\n# Artigo\r\n# Ensaio\r\n# Relatório\r\n# Livro\r\n# Revista\r\n# Áudio\n\r\nServiços Prestados\n\r\n# Revisão gramatical.\r\n# Revisão ortográfica (incluindo as regras da Nova Ortografia da Língua Portuguesa).\r\n# Adequação normativa de referências (ABNT, APA, Vancouver, Chicago e outras normas).\r\n# Confrontação de referências (todas as indicadas no corpo texto com aquelas que constam ao final).\r\n# Padronização de tabelas, gráficos, fluxogramas, quadros, imagens e outros elementos gráficos (inclui o ajuste e a edição desses elementos, se for necessário).\r\n# Formatação conforme um padrão determinado (ABNT, padrões específicos de revistas, normas de instituições de ensino e outros).\r\n# Criação de sumário e listas com indexação automática.\r\n# Criação de listas de abreviaturas.\r\n# Criação de tabelas, esquemas, gráficos e fluxogramas a partir de dados do documento.\r\n# Padronização de elementos pré-textuais.\r\n# Diagramação geral (incluindo casos de diagramação em InDesign).\r\n# Transformação de arquivos em PDF para arquivos editáveis.\r\n# Geração de arquivos em PDF.\r\n# Transcrição de arquivos de áudio.\n\r\nOrçamento\n\r\n# Para um orçamento aproximado, informar o tipo de texto e a quantidade de páginas ou laudas (no caso de arquivos de áudio, informar o tempo de duração).\r\n# Para um orçamento preciso, enviar o texto para avaliação.\r\n# O orçamento inclui o valor em reais e o tempo previsto de entrega para o serviço concluído.\n\r\nRevisão, Entrega e Pagamento\n\r\n# Uso do controle de alterações do texto, para que todo ajuste seja explicitado.\r\n# Envio de versão de avaliação em PDF.\r\n# Cobrança realizada somente após a conclusão da revisão.\r\n# Pagamento por meio de transferência bancária.\n\r\nFormatos padrão de trabalho\n\r\n# Pacote Microsoft Office\r\n# Pacote OpenOffice\r\n# Pacote LibreOffice\r\n# Latex\r\n# InDesign\n\r\nObs.: Também podem ser utilizados outros softwares que sejam necessários durante o processo, tais como editores de imagem e softwares para criação de fluxogramas.\n\r\nInformações de Contato\n\r\n# Profissional formado em Letras Português e Literaturas de Língua Portuguesa pela UFSC\r\n# E-mail: mfledzep@yahoo.com.br\r\n# WhatsApp: (48) 99962-1945", "general_details": {"Vendido por:": "Marcelo Fistarol", "Email:": "mfledzep@yahoo.com.br"}, "advertisement_details": {"Anúncio nº:": "208619", "Visualizações:": "34", "Anúncio expira:": "24/10/2023 (em 13 dias)", "Adicionado:": "25/08/2023"}}
