{"category": " Ofertas de Quartos/Vagas - Córrego Grande", "link": "https://classificados.inf.ufsc.br/detail.php?id=209255", "date": "2023-10-11", "title": "\nAluguel quarto individual", "description": "Olá, tudo bem?\r\nAlugo quarto no Condomínio Liberty Park, localizado no Córrego Grande, o quarto faz parte de um apto de 3 quartos, e o mesmo encontra-se sem mobília (tem apenas um colchão de solteiro). Procuro pessoa organizada e responsável. O apto fica no 1º andar, é bem espaçoso e bem localizado, perto da UFSC, farmácias, restaurantes e padarias. O condomínio oferece área verde, hall de entrada, portaria 24h, salão de festas e quadra de esportes. \r\nCaracterísticas do apto: 1 quarto suíte, 2 quartos normais, banheiro, sala grande, varanda, cozinha, área de serviço.\r\nValor do aluguel: 900$ + iptu, taxa lixo, luz, net e gás.\r\nEntrada: início de novembro.\r\nPeríodo de Visita: 15/10 a 28/10.\r\nContato: (49) 999347540 – Alexandre\r\n         (48) 991100784 - Nicolas \r\nFotos e maiores detalhes no privado.", "general_details": {"Vendido por:": "Alexandre dos Santos", "Email:": "Contatar Vendedor"}, "advertisement_details": {"Logradouro, nº": "R. João Pio Duarte Silva", "Complemento": "Cond. Liberty Park", "Bairro": "Córrego Grande", "Cidade": "Florianópolis", "Gênero": "Masculino, Feminino", "Preço": "900", "Água, cond. e IPTU inclusos?": "sim, menos o IPTU", "Lavanderia disponível?": "sim", "Conexão c/Internet?": "sim", "Permitido animais?": "Depende", "Anúncio nº:": "209255", "Visualizações:": "39", "Anúncio expira:": "10/11/2023 (em 21 dias)", "Adicionado:": "11/10/2023"}}
{"category": "Kitnets ofertadas pelo proprietário para Aluguel", "link": "https://classificados.inf.ufsc.br/detail.php?id=209253", "date": "2023-10-11", "title": "\nLinda Kitnet no Pantanal (ao lado da UFSC)- Ape...", "description": "O prédio fica situado a 8 minutos da UFSC em local tranquilo e com ótima vizinhança.\n\r\nO valor do aluguel é de R$ 1.045,00.\n\r\n- Terreno fechado com câmeras de segurança, proporcionando assim maior segurança e comodidade as moradoras;\n\r\n- Apartamento todo planejado e mobiliado com:\r\n1) Geladeira;\r\n2) Fogão elétrico;\r\n3) Pia com armários de cozinha;\r\n4) Colchão de solteiro;\r\n5) Roupeiro;\r\n6) Mesa com cadeira;\r\n7) Armário de banheiro;\r\n8) Box de banheiro;\n\r\n- Aluguel exclusivamente para mulheres;\r\n- Condominio R$ 89,00;\r\n- Internet sem fio R$ 49,00/mês;\r\n- Lavanderia conforme uso (através de aplicativo)\r\n- Água e Luz pago a parte com medidor individual;\r\n- Não necessita fiador, para locação é exigido um valor (caução) de R$ 1.045,00 que será devolvido no final do contrato;\r\n- Pgto mensal antecipado;\r\n* Não aceita pet\n\r\nContato\r\nAlvaro\r\n(48) 99187-1389\n", "general_details": {"Vendido por:": "Márcio Alexandre Kuntze", "Email:": "Contatar Vendedor"}, "advertisement_details": {"Logradouro, nº": "Servidão Nemesio Silva,130", "Complemento": "P27", "Bairro": "Pantanal", "Cidade": "Florianópolis", "Preço": "1.045,00", "Água, cond. e IPTU inclusos?": "IPTU incluso, Condomínio, água e luz a parte", "Lavanderia disponível?": "Sim, por aplicativo", "Conexão c/Internet?": "Sim, 49,00", "Permitido animais?": "Não, em hipótese nenhuma", "Anúncio nº:": "209253", "Visualizações:": "56", "Anúncio expira:": "10/11/2023 (em 21 dias)", "Adicionado:": "11/10/2023"}}
