{"category": "Outros Serviços", "link": "https://classificados.inf.ufsc.br/detail.php?id=208943", "date": "2023-09-13", "title": "\nREDUÇÃO DE DÍVIDAS!!!!", "description": "Redução de Dívidas Tributárias de Empresas e Pessoas Físicas\r\nAjuizadas ou Não\r\nContato com Renato Costa\r\n(48) 99666-1359", "general_details": {"Vendido por:": "Renato Rosa da Costa", "Email:": "renato.processos@gmail.com"}, "advertisement_details": {"Anúncio nº:": "208943", "Visualizações:": "36", "Anúncio expira:": "13/10/2023 (em 2 dias)", "Adicionado:": "13/09/2023"}}
{"category": " 2 - Joinville - Coisas para Casa", "link": "https://classificados.inf.ufsc.br/detail.php?id=208942", "date": "2023-09-13", "title": "\nMicroondas Consul Facilite 25 litros Prata", "description": "Microondas Consul Facilite 25 litros Prata.\n\r\nCom marcas de uso, mas funcionando.\n\r\nWhatsApp: (47) 99901-8382", "general_details": {"Vendido por:": "Andre Zanghelini", "Email:": "Contatar Vendedor"}, "advertisement_details": {"Preço": "280,00", "Anúncio nº:": "208942", "Visualizações:": "34", "Anúncio expira:": "13/10/2023 (em 2 dias)", "Adicionado:": "13/09/2023"}}
{"category": " Equipamentos e Materiais Esportivos", "link": "https://classificados.inf.ufsc.br/detail.php?id=208940", "date": "2023-09-13", "title": "\nBicicleta caloi swift aro 26 ", "description": "Bicicleta Caloi twist aro 26, acompanha cadeado, freios e marchas regulados.", "general_details": {"Vendido por:": "Leonel Thome da Silva", "Email:": "Contatar Vendedor"}, "advertisement_details": {"Preço": "450", "Anúncio nº:": "208940", "Visualizações:": "73", "Anúncio expira:": "13/10/2023 (em 2 dias)", "Adicionado:": "13/09/2023"}}
{"category": " Empregos", "link": "https://classificados.inf.ufsc.br/detail.php?id=208937", "date": "2023-09-13", "title": "\nVaga atendente na Portugaria do SpotMarket", "description": "Vaga para atendente na loja Portugaria no SpotMarket Corrego Grande.\r\nPeriodo tarde, entrada imediata.\n\r\nEnviar currículo para o email, portugarialoja2@gmail.com ou para o whatsapp 48 99645-1058.", "general_details": {"Vendido por:": "Flora Guimarães Rosenthal", "Email:": "Contatar Vendedor"}, "advertisement_details": {"Anúncio nº:": "208937", "Visualizações:": "152", "Anúncio expira:": "13/10/2023 (em 2 dias)", "Adicionado:": "13/09/2023"}}
