{"category": "Kitnets ofertadas pelo proprietário para Aluguel", "link": "https://classificados.inf.ufsc.br/detail.php?id=209266", "date": "2023-10-17", "title": "\nExcelente Kitnet a 700m da UFSC / com Mezanino ...", "description": "P14 - Situado na Servidão Nemésio Silva, n 130 - Pantanal\n\r\nO prédio fica situado a 8 minutos da UFSC em local tranquilo e com ótima vizinhança.\n\r\nO valor do aluguel é de R$ 1.045,00\n\r\n- Terreno fechado com câmeras de segurança, proporcionando assim maior segurança e comodidade as moradoras;\n\r\n- Apartamento todo planejado e mobiliado com:\r\n1) Geladeira;\r\n2) Fogão elétrico;\r\n3) Pia com armários de cozinha;\r\n4) Roupeiro;\r\n5) Colchão de solteiro;\r\n6) Mesa com cadeira;\r\n7) Armário de banheiro;\r\n8) Box de banheiro;\n\r\n- Aluguel exclusivamente para mulheres;\r\n- Internet sem fio por R$ 49,00 / mês;\r\n- Lavanderia conforme uso (através de aplicativo)\r\n- Condomínio R$ 89,00;\r\n- Água e Luz pago a parte com medidor individual;\r\n- Não necessita fiador, para locação é exigido um valor (caução) de R$ 1.045,00;\r\n- Pgto mensal antecipado;\n\r\nContato:\r\nAlvaro\r\n(48) 99187-1389\n\n\n", "general_details": {"Vendido por:": "Márcio Alexandre Kuntze", "Email:": "Contatar Vendedor"}, "advertisement_details": {"Logradouro, nº": "Servidão Nemesio Silva,130", "Complemento": "P14", "Bairro": "Pantanal", "Cidade": "Florianópolis", "Preço": "1.045,00", "Água, cond. e IPTU inclusos?": "IPTU incluso, Condomínio, água e luz a parte", "Lavanderia disponível?": "Sim, por aplicativo", "Conexão c/Internet?": "Sim, 49,00", "Permitido animais?": "Não, em hipótese nenhuma", "Anúncio nº:": "209266", "Visualizações:": "35", "Anúncio expira:": "16/11/2023 (em 27 dias)", "Adicionado:": "17/10/2023"}}
{"category": "Kitnets ofertadas pelo proprietário para Aluguel", "link": "https://classificados.inf.ufsc.br/detail.php?id=209265", "date": "2023-10-17", "title": "\nExcelente Kitnet a 700m da UFSC / Só Mulheres", "description": "R01 - Situado na Servidão Nemésio Silva, n 114 - Pantanal\n\r\nO prédio fica situado a 8 minutos da UFSC em local tranquilo e com ótima vizinhança.\n\r\nO valor do aluguel é de R$ 845,00\n\r\n- Terreno fechado com câmeras de segurança, proporcionando assim maior segurança e comodidade as moradoras;\n\r\n- Apartamento todo planejado e mobiliado com:\r\n1) Geladeira;\r\n2) Fogão;\r\n3) Pia com armários de cozinha;\r\n4) Cama de Solteiro;\r\n5) Roupeiro;\r\n6) Mesa com cadeira;\r\n7) Armário de banheiro;\r\n8) Box de banheiro;\n\r\n- Aluguel exclusivamente para mulheres;\r\n- Internet sem fio por R$ 49,00 / mês;\r\n- Lavanderia conforme uso (através de aplicativo)\r\n- Condomínio R$ 89,00;\r\n- Água e Luz pago a parte com medidor individual;\r\n- Não necessita fiador, para locação é exigido um valor (caução) de R$ 845,00;\r\n- Pgto mensal antecipado;\n\r\nContato:\r\nAlvaro\r\n(48) 99187-1389\n", "general_details": {"Vendido por:": "Márcio Alexandre Kuntze", "Email:": "Contatar Vendedor"}, "advertisement_details": {"Logradouro, nº": "Servidão Nemesio Silva,114", "Complemento": "R01", "Bairro": "Pantanal", "Cidade": "Florianópolis", "Preço": "845,00", "Água, cond. e IPTU inclusos?": "IPTU incluso, Condomínio, água e luz a parte", "Lavanderia disponível?": "Sim, por aplicativo", "Conexão c/Internet?": "Sim, 49,00", "Permitido animais?": "Não, em hipótese nenhuma", "Anúncio nº:": "209265", "Visualizações:": "14", "Anúncio expira:": "16/11/2023 (em 27 dias)", "Adicionado:": "17/10/2023"}}
