{"category": "Outras Coisas para Cozinha", "link": "https://classificados.inf.ufsc.br/detail.php?id=208614", "date": "2023-08-24", "title": "\nVendo eletrodomésticos, utilidades e roupas", "description": "Vendo eletrodomésticos, utilidades, roupa de cama e banho, roupas de adulto e infantil. Alguns já consegui cadastrar. Consulte. https://www.facebook.com/profile.php?id=100076740713654", "general_details": {"Vendido por:": "Ana Mabel Ortiz", "Email:": "Contatar Vendedor"}, "advertisement_details": {"Preço": "5", "Anúncio nº:": "208614", "Visualizações:": "196", "Anúncio expira:": "23/10/2023 (em 12 dias)", "Adicionado:": "24/08/2023"}}
