{"category": "Kitnets ofertadas pelo proprietário para Aluguel", "link": "https://classificados.inf.ufsc.br/detail.php?id=209291", "date": "2023-10-26", "title": "\nLinda Kitnet na Carvoeira - somente mulheres", "description": "B19 - Situado na Rua Capitão Romualdo de Barros, n 586 - Carvoeira\n\r\nO prédio fica situado a 5 minutos da UFSC em local tranquilo e com ótima vizinhança.\n\r\nO valor do aluguel é de R$ 1.045,00.\n\r\n- Terreno fechado com câmeras de segurança, proporcionando assim maior segurança e comodidade as moradoras;\r\n- Internet sem fio por R$ 49,00/mês (opcional);\r\n- Lavanderia por aplicativo\n\r\n- Apartamento todo planejado e mobiliado com:\r\n1) Cama de Solteiro Box;\r\n2) Roupeiro;\r\n3) Pia com armários de cozinha;\r\n4) Geladeira;\r\n5) Fogão elétrico;\r\n6) Mesa de estudos com cadeira;\r\n7) Armário de banheiro;\r\n8) Box de banheiro.\n\n", "general_details": {"Vendido por:": "Márcio Alexandre Kuntze", "Email:": "Contatar Vendedor"}, "advertisement_details": {"Logradouro, nº": "Rua Capitão Romualdo de Bastos, 586", "Complemento": "B19", "Bairro": "Carvoeira", "Cidade": "Florianópolis", "Preço": "1.045,00", "Água, cond. e IPTU inclusos?": "IPTU incluso, Condomínio, água e luz a parte", "Lavanderia disponível?": "Sim, por aplicativo", "Conexão c/Internet?": "Sim, 49,00", "Permitido animais?": "Não, em hipótese nenhuma", "Anúncio nº:": "209291", "Visualizações:": "43", "Anúncio expira:": "25/11/2023 (em 26 dias)", "Adicionado:": "26/10/2023"}}
{"category": "Kitnets ofertadas pelo proprietário para Aluguel", "link": "https://classificados.inf.ufsc.br/detail.php?id=209290", "date": "2023-10-26", "title": "\nLinda kitnet c/ mezanino próximo a USFC/Só Mu...", "description": "Apto P14\n\r\nSituado na Servidão Nemésio Silva, n 130 - Pantanal\r\nO prédio fica situado a 8 minutos da UFSC em local tranquilo e com ótima vizinhança.\r\nO valor do aluguel é de R$ 1.045,00\r\n- Terreno fechado com câmeras de segurança, proporcionando assim maior segurança e comodidade as moradoras;\r\n- Apartamento todo planejado e mobiliado com:\r\n* Geladeira;\r\n* Fogão elétrico;\r\n* Pia com armários de cozinha;\r\n* Roupeiro;\r\n* Colchão de solteiro;\r\n* Mesa com cadeira;\r\n* Armário de banheiro;\r\n* Box de banheiro;\n\r\n- Aluguel exclusivamente para mulheres;\r\n- Internet sem fio por R$ 49,00 / mês;\r\n- Lavanderia conforme uso (através de aplicativo)\r\n- Condomínio R$ 89,00;\r\n- Água e Luz pago a parte com medidor individual;\r\n- Não necessita fiador, para locação é exigido um valor (caução) de R$ 1.045,00;\r\n- Pgto mensal antecipado;\n\r\nContato:\r\nAlvaro\r\n(48) 99187-1389\n\n", "general_details": {"Vendido por:": "Márcio Alexandre Kuntze", "Email:": "Contatar Vendedor"}, "advertisement_details": {"Logradouro, nº": "Servidão Nemesio Silva,130", "Complemento": "P14", "Bairro": "Pantanal", "Cidade": "Florianópolis", "Preço": "1.045,00", "Água, cond. e IPTU inclusos?": "IPTU incluso, Condomínio, água e luz a parte", "Lavanderia disponível?": "Sim, por aplicativo", "Conexão c/Internet?": "Sim, 49,00", "Permitido animais?": "Não, em hipótese nenhuma", "Anúncio nº:": "209290", "Visualizações:": "23", "Anúncio expira:": "25/11/2023 (em 26 dias)", "Adicionado:": "26/10/2023"}}
