{"category": " Ofertas de Quartos/Vagas - Itacorubi", "link": "https://classificados.inf.ufsc.br/detail.php?id=209114", "date": "2023-09-26", "title": "\nQuarto para alugar no Itacorubi (Rod Admar Gonz...", "description": "Olá, estou em busca de uma pessoa para dividir um apartamento no Itacorubi, muito bem localizado e com vista livre para Jardim Botãnico. Localizado na Rodovia Admar Gonzaga, o apartamento fica próximo ao Mercure, CEPON e CCA.\n\r\nSobre o apartamento e valores:\n\r\nO apartamento tem 2 quartos e 1 banheiro, mobiliado, com cozinha completa e área de serviços com máquina de lavar. O quarto tem cama de casal, guarda-roupa e ar-condicionado.\n\r\nO condomínio conta com piscina, salão de festa, churrasqueira e Portaria 24h.\n\r\nO aluguel com agua, luz, internet e condomínio gira em torno de R$1.500/pessoa.\n\r\n>> vaga de garagem disponível\n\r\nInteressados entrar em contato pelo celular:\r\n(48) 99981-6771 (Felipe)", "general_details": {"Vendido por:": "Felipe Benedet Zanette", "Email:": "Contatar Vendedor"}, "advertisement_details": {"Logradouro, nº": "Rodovia Admar Gonzaga, 841", "Bairro": "Itacorubi", "Cidade": "Florianópolis", "Gênero": "Masculino", "Preço": "1.500,00", "Água, cond. e IPTU inclusos?": "Sim", "Lavanderia disponível?": "Sim", "Conexão c/Internet?": "Sim", "Anúncio nº:": "209114", "Visualizações:": "208", "Anúncio expira:": "11/10/2023 (em 1 dias)", "Adicionado:": "26/09/2023"}}
{"category": " Coisas para Escritório", "link": "https://classificados.inf.ufsc.br/detail.php?id=209111", "date": "2023-09-26", "title": "\nEscrivaninha em Bom Estado à Venda - Entrega G...", "description": "Escrivaninha em Bom Estado à Venda\n\r\nVendo uma escrivaninha em bom estado. Ela foi pouco usada e é bem firme.\n\r\nEndereço: Deputado Antônio Edu Vieira\r\nRetirada no local disponível.\r\nEntrega gratuita, dependendo da distância.\n\r\nDimensões:\r\nProfundidade: 69cm\r\nLargura: 90cm\r\nAltura: 75cm\n\r\nPara mais informações ou para agendar a retirada, entre em contato pelo telefone: 48 99955-8713.", "general_details": {"Vendido por:": "Carine Isabelle Hermann de Oliveira", "Email:": "Contatar Vendedor"}, "advertisement_details": {"Preço": "250,00", "Anúncio nº:": "209111", "Visualizações:": "82", "Anúncio expira:": "11/10/2023 (em 0 dias)", "Adicionado:": "26/09/2023"}}
{"category": " Ofertas de Quartos/Vagas - Carvoeira", "link": "https://classificados.inf.ufsc.br/detail.php?id=209109", "date": "2023-09-26", "title": "\nColiving na Carvoeira 5 minutos da UFSC", "description": "Procurando uma experiência de moradia verdadeiramente extraordinária? Apresentamos a você o nosso incrível Coliving, localizado aqui na carvoeira, ao lado da UFSC.\n\r\nImagine sentar na varanda e escutar os pássaros e desfrutar de uma vista incrível, espaço perfeito para relaxar e ainda viver em um coliving que te dá a oportunidade de socializar e fazer novas amizades, você pode se tornar parte de uma comunidade vibrante e aproveitar todas as vantagens que oferecemos.\n\r\nQuanto aos quartos, temos individuais e compartilhados, e em ambos você encontrará um espaço confortável e completamente mobiliado, projetado para atender às suas necessidades. Você terá um lugar acolhedor para descansar, estudar e aproveitar ao máximo sua estadia conosco.\n\r\nQueremos tornar sua experiência de moradia o mais conveniente possível. Por isso, incluímos no pacote água, luz, internet de alta velocidade e até mesmo o gás de cozinha, sem custos adicionais! Dessa forma, você poderá desfrutar de um estilo de vida tranquilo, sem se preocupar com contas extras ou burocracias.\n\r\nEssa é uma oportunidade única de se tornar parte de uma comunidade acolhedora e animada! Entre em contato conosco pelo telefone (48) 99662-0431 para agendar uma visita e descobrir todas as vantagens que o nosso coliving pode oferecer.\n\r\nSeja bem-vindo a uma vida repleta de conforto, convívio social e estilo!", "general_details": {"Vendido por:": "Paulo Cesar Sabino", "Email:": "paulocesar.laguna@gmail.com"}, "advertisement_details": {"Logradouro, nº": "Rua das Acácias, 330", "Bairro": "Carvoeira", "Cidade": "Florianópolis", "Gênero": "Feminino, Masculino", "Preço": "680/1000", "Água, cond. e IPTU inclusos?": "Sim", "Lavanderia disponível?": "Sim", "Conexão c/Internet?": "Sim", "Permitido animais?": "Não", "Anúncio nº:": "209109", "Visualizações:": "234", "Anúncio expira:": "26/10/2023 (em 15 dias)", "Adicionado:": "26/09/2023"}}
{"category": "Hospedagens por Diária", "link": "https://classificados.inf.ufsc.br/detail.php?id=209108", "date": "2023-09-26", "title": "\nENEIDAHOSTEL(hospedagem para alunos,professores...", "description": "Hospedagem em casa de família em quartos compartilhados com internet. Ao lado da UFSC e a 200 metros da Eletrosul. Diária de R$90,00 por pessoa. Nosso blog para informações: www.eneidahostel.blogspot.com\r\nMais detalhes pelos fones: (48) 32331387 ou (48) 999804233.\n", "general_details": {"Vendido por:": "Lucas Filappi", "Email:": "Contatar Vendedor"}, "advertisement_details": {"Logradouro, nº": "Av. CESAR SEARA   Nº  114", "Bairro": "CARVOEIRA", "Cidade": "Florianópolis", "Preço": "R$90,00", "Água, cond. e IPTU inclusos?": "SIM", "Lavanderia disponível?": "A COMBINAR", "Conexão c/Internet?": "SIM", "Permitido animais?": "SIM", "Anúncio nº:": "209108", "Visualizações:": "24", "Anúncio expira:": "26/10/2023 (em 15 dias)", "Adicionado:": "26/09/2023"}}
{"category": " Revisões, Digitações e Traduções de Textos", "link": "https://classificados.inf.ufsc.br/detail.php?id=209106", "date": "2023-09-26", "title": "\nEscrita científica (verificação de plágio),...", "description": "* artigos científicos \r\n* trabalhos acadêmicos (TCCs, monografias, dissertações, teses) \r\n* projetos de qualquer natureza\r\n* livros, capítulos \r\n* textos acadêmicos\r\n* apresentação \n\r\nRevisão ortográfica e gramatical \r\n* formatação em qualquer norma: ABNT, Vancouver, APA, etc.\n\r\nEscrita científica (organização e correção de conteúdo e do plágio).\r\n* Estrutura metodológica (citações, referencias, escrita sucinta no formato de publicação)\r\n* Introdução e discussão (Ensino método fácil para essa escrita especifica. Correção e orientação)\n\r\nEstatística acadêmica e / ou revisão da estatística\r\n* Quantitativa, Descritiva e inferencial.\r\n* Estatística para metanálise.\n\r\nOrientação\r\n* pacotes para orientação do início ao fim do projeto, tcc, artigo, etc. \r\n* reuniões em todas as etapas ao vivo vias plataformas.\n\r\nResponsável: PHD, Dra. Rafaela, experiência mais de 15 anos em publicação de artigos científicos, estatística e metodologia cientifica, orientações na área da saúde e afins. \r\nTrabalho no corpo editorial de revistas cientificas, antes de defender ou publicar é interessante a correção por uma profissional com experiência.\n\r\n- Orçamento no email. \n\r\nCONTATO\r\nrafaelametodologia@gmail.com\n", "general_details": {"Vendido por:": "Rafaela Liberali", "Email:": "Contatar Vendedor"}, "advertisement_details": {"Anúncio nº:": "209106", "Visualizações:": "11", "Anúncio expira:": "26/10/2023 (em 15 dias)", "Adicionado:": "26/09/2023"}}
{"category": " Ofertas de Quartos/Vagas - Centro", "link": "https://classificados.inf.ufsc.br/detail.php?id=209105", "date": "2023-09-26", "title": "\nQuarto em Hostel", "description": "Quarto privativo em hostel localizado ao lado do Shopping Beira Mar. Quarto inclui uma cama de casal, moveis e ar condicionado. Hostel possui cozinha compartilhada, banheiros e chuveiros compartilhados (e com trancas). Localização muito boa. Tratar com iago, celular 47 997140216", "general_details": {"Vendido por:": "Iago Brandes Debrassi", "Email:": "Contatar Vendedor"}, "advertisement_details": {"Logradouro, nº": "Rua Rafael Bandeira 357", "Bairro": "Centro", "Gênero": "Feminino, Masculino", "Preço": "1100", "Água, cond. e IPTU inclusos?": "Sim", "Lavanderia disponível?": "Não, mas tem uma ao lado do hostel", "Conexão c/Internet?": "Sim", "Permitido animais?": "Não", "Anúncio nº:": "209105", "Visualizações:": "158", "Anúncio expira:": "26/10/2023 (em 15 dias)", "Adicionado:": "26/09/2023"}}
{"category": " Ofertas de Quartos/Vagas - Itacorubi", "link": "https://classificados.inf.ufsc.br/detail.php?id=209104", "date": "2023-09-26", "title": "\nQuarto completo em apto compartilhado no Itacorubi", "description": "Olá! Somos em 2 meninas, Rafa e Gabi, e estamos buscando uma terceira integrante para o nosso apartamento no Itacorubi! \n\r\nO apto está completo, com todos os utensílios de cozinha, área de serviço e sala. \n\r\nO quarto está mobiliado com guarda-roupas, cama e mesinha de cabeceira. \n\r\nO banheiro é dividido em 2. \n\r\nO prédio está bem localizado no Itacorubi, próximo ao Hotel Mercure e CEPON, e na região tem vários restaurantes, lanchonetes, posto de gasolina e um mercadinho!\n\r\nPrezamos, acima de tudo, o respeito e diálogo, e buscamos uma pessoa que tenha senso de espaço coletivo. \n\r\nAs contas individuais ficam em torno de R$ 1300-1500.\n\r\nSe quiser mais informações, pode me contatar no (47)999690052 (Rafaela).\n\r\n*Sem vaga de garagem\r\n*Não aceitamos fumantes", "general_details": {"Vendido por:": "Rafaela Daros Trentin", "Email:": "Contatar Vendedor"}, "advertisement_details": {"Logradouro, nº": "Rua Antônio Costa", "Bairro": "Itacorubi", "Cidade": "Florianópolis", "Gênero": "Feminino", "Preço": "1300", "Água, cond. e IPTU inclusos?": "Sim", "Lavanderia disponível?": "Sim", "Conexão c/Internet?": "Sim", "Permitido animais?": "possível conversar/verificar", "Anúncio nº:": "209104", "Visualizações:": "183", "Anúncio expira:": "26/10/2023 (em 15 dias)", "Adicionado:": "26/09/2023"}}
