{"category": " Ofertas de Quartos/Vagas - Córrego Grande", "link": "https://classificados.inf.ufsc.br/detail.php?id=208849", "date": "2023-09-08", "title": "\nAluguel de quarto disponível próximo a ufsc ", "description": "Aluguel de quarto disponível em apartamento próximo a ufsc e todo mobiliado (cama, guarda roupas, sofá, mesas, cadeiras, armários da cozinha), com eletrodomésticos (microondas, geladeira, máquina de lavar, liquidificador, pipoqueira, sanduicheira, forno, fogão, aspirador e etc). O quarto tem uma cama de solteiro, guarda roupas e ventilador.\r\nO condomínio tem portaria e câmeras 24hrs, coleta de lixo reciclável e orgânico, garagem, quadra de esportes, bicicletário e playground. \n\r\nMoramos em duas meninas estudantes da ufsc e procuramos uma pessoa organizada, caprichosa, limpa, que estude e trabalhe fora e que goste de animais pois temos uma cachorrinha e uma gatinha. \n\r\nNão faremos contrato mas exigimos a permanência de 6 meses e na saída o pagamento do mês todo do aluguel (avisar sobre a saída com no mínimo 1 mês de antecedência) \n\r\nPara mais informações entrar em contato no número (49)998285819", "general_details": {"Vendido por:": "Lívia Burg Westphal", "Email:": "Contatar Vendedor"}, "advertisement_details": {"Logradouro, nº": "404", "Bairro": "Córrego grande", "Cidade": "Florianópolis", "Gênero": "Feminino", "Preço": "1350", "Água, cond. e IPTU inclusos?": "Sim", "Lavanderia disponível?": "Sim", "Conexão c/Internet?": "Sim", "Permitido animais?": "Sim", "Anúncio nº:": "208849", "Visualizações:": "665", "Anúncio expira:": "10/11/2023 (em 30 dias)", "Adicionado:": "08/09/2023"}}
{"category": " Empregos", "link": "https://classificados.inf.ufsc.br/detail.php?id=208846", "date": "2023-09-08", "title": "\nGarçom/Garçonete", "description": "Chico's Bar busca atendente.\n\r\nPreferencialmente com experiência em atendimento.\r\nLocal: Desembargador Vitor Lima, 484 - Trindade, próximo UFSC.\n\n\r\nContato através do telefone/whats (48)99943-7879 falar com Ana Paula", "general_details": {"Vendido por:": "Mariana de Andrade", "Email:": "Contatar Vendedor"}, "advertisement_details": {"Anúncio nº:": "208846", "Visualizações:": "191", "Anúncio expira:": "07/11/2023 (em 27 dias)", "Adicionado:": "08/09/2023"}}
