{"category": " Camas, Beliches, Colchões e Similares", "link": "https://classificados.inf.ufsc.br/detail.php?id=209276", "date": "2023-10-19", "title": "\nDoação Base de Cama Box Solteiro", "description": "Doação de base de cama box usada. \r\nMarca Mannes.\r\nAcompanha os 6 pès de alumínio, sendo dois com rodas. \r\nRetira da Carvoeira. \r\n##########################\r\nContato com Mabi 48 991174907", "general_details": {"Vendido por:": "Paulo Manoel Dias", "Email:": "Contatar Vendedor"}, "advertisement_details": {"Preço": "0,00", "Anúncio nº:": "209276", "Visualizações:": "10", "Anúncio expira:": "03/11/2023 (em 14 dias)", "Adicionado:": "19/10/2023"}}
{"category": " Transportes e Fretes", "link": "https://classificados.inf.ufsc.br/detail.php?id=209275", "date": "2023-10-19", "title": "\nAlex fretes 4884713266 ", "description": "Desmontagem e montagem de móveis \r\nHá 15 anos \r\nFaça ja o seu orçamento!! WhatsApp 4884713266", "general_details": {"Vendido por:": "Isadora Igiski Baron", "Email:": "Contatar Vendedor"}, "advertisement_details": {"Anúncio nº:": "209275", "Visualizações:": "1", "Anúncio expira:": "18/11/2023 (em 29 dias)", "Adicionado:": "19/10/2023"}}
