{"category": " Empregos", "link": "https://classificados.inf.ufsc.br/detail.php?id=208778", "date": "2023-09-04", "title": "\nÓtima oportunidade de emprego em empresa estra...", "description": "Trata-se de uma vaga presencial para atender a demanda de uma empresa estrangeira.\n\r\nSerá o meio de comunicação entre os clientes e os técnicos.\n\r\nFunções:\r\nAtender e realizar ligações para a carteira de clientes\r\nAdministrar o envio e recebimento de e-mails\r\nAlimentar planilhas\r\nRealizar agendamentos, cancelamentos e cobranças das demandas\r\nComprar materiais\n\r\nPré-requisitos primordiais:\r\nInglês fluente \r\nNoção de atendimento ao cliente por telefone, e-mail, mensagem\r\nConhecimento em aplicações do Google (G-mail, Sheets, Drive)\r\nResiliência para lidar com o outro\n\r\nInteressante que você tenha:\r\nCuriosidade em conhecer ou aprimorar o conhecimento da rotina administrativa numa empresa estrangeira\r\nPensamento analítico e crítico\r\nInteresse por conhecimento\r\nBoa dicção\n\r\nMais informações:\r\nSalário base acima da média do mercado\r\nVale transporte\r\nChances de boas bonificações em moeda estrangeira\r\nDisponibilidade para trabalhar no período Noturno e Vespertino\r\n(Segunda, Terça, Quarta, Quinta, Sexta-feira e (sabado ou domingo)\n\r\nContato: Israel Cohen - (48) 99815-3646\r\nicohen561@gmail.com", "general_details": {"Vendido por:": "Maria Alice Messias", "Email:": "Contatar Vendedor"}, "advertisement_details": {"Anúncio nº:": "208778", "Visualizações:": "257", "Anúncio expira:": "03/11/2023 (em 23 dias)", "Adicionado:": "04/09/2023"}}
{"category": " Cursos em Geral", "link": "https://classificados.inf.ufsc.br/detail.php?id=208777", "date": "2023-09-04", "title": "\nOrientação TCC, Mestrado [particular]", "description": "Orientação e Mentoria particular para TCCs, Monografias, Dissertações de Mestrado.  \n\r\nProjeto de Pesquisa\r\nTipos de Pesquisa\r\nDefinição de Problema de Pesquisa\r\nMetodologia Científica\r\nMétodos e Instrumentos \r\nEscrita Acadêmica\r\nLeitura Crítica\r\nBases de Dados\r\nNormas Bibliográficas (ABNT, APA, Vanc., etc.)\r\nPlanejamento e Organização \n\r\nPodemos conversar pelo whats 48 998 558 208\r\nNão atendo ligações, deixe seu recado que entro em contato depois.\n\r\nAbraços,\n\r\nDalner Barbi \n\n", "general_details": {"Vendido por:": "Dalner Barbi", "Email:": "Contatar Vendedor"}, "advertisement_details": {"Anúncio nº:": "208777", "Visualizações:": "31", "Anúncio expira:": "03/11/2023 (em 23 dias)", "Adicionado:": "04/09/2023"}}
{"category": "Aulas Particulares  Música", "link": "https://classificados.inf.ufsc.br/detail.php?id=208775", "date": "2023-09-04", "title": "\nAulas de música", "description": "Aulas Particulares de Música  \n\r\nInstrumentos:\r\nviolão popular/clássico, contrabaixo, guitarra, flauta doce, musicalização\n\r\npesquisa e formação de repertório - qualquer estilo musical\r\nprática de conjunto\r\npesquisa acadêmica\r\ncriação e produção musical\n\r\nSuporte teórico:\n\r\nteoria musical, leitura, harmonia, acordes, composição, formas musicais, escalas, ritmos, técnicas de processo criativo, progressões, cadências, preparação vestibular de música\n\r\nOpções:\n\r\nIniciante/intermediário/avançado\r\natendimento especial:  arte-terapia\r\nmétodo de aprendizagem acelerada\r\natendimento online, presencial ou à domicílio.\n\r\nPresencial: Centro Comercial Trindade, ao lado da UFSC.\n\r\nEntre em contato pelo whats 48 998 558 208\r\nNão atendo ligações, deixe seu recado e entrarei em contato.\n\r\nDalner Barbi Do.\r\nMusiência – Ciência Musical\r\n@musiencia\n\r\nNeno Miranda Me.\r\n@neno.miranda", "general_details": {"Vendido por:": "Dalner Barbi", "Email:": "Contatar Vendedor"}, "advertisement_details": {"Anúncio nº:": "208775", "Visualizações:": "26", "Anúncio expira:": "03/11/2023 (em 23 dias)", "Adicionado:": "04/09/2023"}}
{"category": " Revisões, Digitações e Traduções de Textos", "link": "https://classificados.inf.ufsc.br/detail.php?id=208773", "date": "2023-09-04", "title": "\nRevisão - Português e Inglês", "description": "Precisando de um revisor? Encontrou um com 8 anos de experiência no mercado. Reviso para você com rapidez e qualidade, otimizando o seu tempo, respeitando a sua escrita e garantindo eficácia no seu trabalho.\n\r\nMétodos de orçamentos:\r\n> PÁGINA: textos com muitos caractéres\r\n> PALAVRA: textos com poucos caractéres\n\r\nGrátis no investimento: proofreading e consultoria linguística.\n\r\n(Proofreading é um serviço de leitura atenta, tanto no documento original quanto na tradução, para comprovar coerência, fluidez e erros ortográficos ou gramaticais. O objetivo principal da proofreading é garantir que o texto esteja perfeito antes da sua publicação).\n\r\nGostou? Bora fazer a sua revisão acontecer.\n\r\nAqui sua palavra ganha vida!\n\r\nContato: jobs.iagora@gmail.com\r\nPortfólio: behance.net/iagora", "general_details": {"Vendido por:": "Iago Barcelos Rabelo", "Email:": "Contatar Vendedor"}, "advertisement_details": {"Anúncio nº:": "208773", "Visualizações:": "17", "Anúncio expira:": "03/11/2023 (em 23 dias)", "Adicionado:": "04/09/2023"}}
{"category": " Revisões, Digitações e Traduções de Textos", "link": "https://classificados.inf.ufsc.br/detail.php?id=208742", "date": "2023-09-04", "title": "\nTradução - Português e Inglês", "description": "Precisando de um tradutor? Encontrou um com 8 anos de experiência no mercado. Traduzo para você com rapidez e qualidade, otimizando o seu tempo, respeitando a sua escrita e garantindo cultura inglesa no seu trabalho.\n\r\nMétodos de orçamentos:\r\n> PÁGINA: textos com muitos caractéres\r\n> PALAVRA: textos com poucos caractéres\n\r\nGrátis no investimento: proofreading e consultoria linguística.\n\r\n(Proofreading é um serviço de leitura atenta, tanto no documento original quanto na tradução, para comprovar coerência, fluidez e erros ortográficos ou gramaticais. O objetivo principal da proofreading é garantir que o texto esteja perfeito antes da sua publicação).\n\r\nGostou? Bora fazer a sua tradução acontecer.\n\r\nAqui sua palavra ganha vida!\n\r\nContato: jobs.iagora@gmail.com\r\nPortfólio: behance.net/iagora", "general_details": {"Vendido por:": "Iago Barcelos Rabelo", "Email:": "Contatar Vendedor"}, "advertisement_details": {"Anúncio nº:": "208742", "Visualizações:": "34", "Anúncio expira:": "03/11/2023 (em 23 dias)", "Adicionado:": "04/09/2023"}}
