{"category": "Aptos Ofertados pelo Proprietário para Aluguel", "link": "https://classificados.inf.ufsc.br/detail.php?id=209289", "date": "2023-10-25", "title": "\nAp 1 quarto na Lagoa ( Anual ) ( mes- consultar ) ", "description": "  O apartamento é de 1 quarto, sacada,1 banheiro, sala, cozinha,e área de serviço. \r\n  O quarto possui cama de casal ( box ), TV, ventilador de teto, roupeiro e ar condicionado ( quente e frio ). \r\n  A sala possui sofá cama e TV. A cozinha é completa (geladeira, fogão, micro ondas e utensílios) com a área de serviço conjugada.O banheiro é espaçoso e possui chuveiro elétrico. \r\n  Essa unidade esta disponível para 1 ou 2 pessoas.ALUGUEL PARA 12 meses. O local é prazeroso, tranquilo e muito perto das possibilidades comercias do Centrinho da Lagoa (dá pra fazer tudo à pé). No aluguel mensal esta INCLUSO : Cond + IPTU + Internet.\n\r\n  O valor é de R$ 2200/mês; R$ 300 gás/mês e água/mês. No aluguel mensal está incluso :  condomínio, IPTU e internet wireless. NÃO PRECISA SAIR NO VERÃO\r\n  Não está incluso: energia (relógios individuais,consumo individual ) e serviço de limpeza. \n\r\n  Uma taxa única de limpeza de R$ 300 é cobrada no momento da entrada junto com o aluguel, sempre pago antecipadamente (mês a vencer).\r\n  Informação importante: em respeito ao próximo e a Lei, é proibido fumar em todos os ambientes da Luna Lagoa Pousada, inclusive nos jardins.\r\n   Pedimos para respeitar o horário de silêncio,não fazendo barulho depois das 22h.  \n\r\n  Aluguel anual é feito contrato de 12 meses, registrado em cartório com as devidas clausulas, inclusive de  garantia locatícia.  \r\n  Qualquer dúvida, entre em contato novamente. Fotos e informações no site: www.lunalagoapousada.com.br", "general_details": {"Vendido por:": "Aira Maria Bonfim Santos", "Email:": "Contatar Vendedor"}, "advertisement_details": {"Logradouro, nº": "Rua das Palmeiras Nativas", "Complemento": "423", "Bairro": "Lagoa da Conceição", "Cidade": "Florianópolis", "Preço": "R$ 2.200,00 ( consultar )", "Água, cond. e IPTU inclusos?": "sim", "Lavanderia disponível?": "sim", "Conexão c/Internet?": "Sim", "Permitido animais?": "a combinar", "Anúncio nº:": "209289", "Visualizações:": "17", "Anúncio expira:": "24/11/2023 (em 25 dias)", "Adicionado:": "25/10/2023"}}
