{"category": "Kitnets ofertadas pelo proprietário para Aluguel", "link": "https://classificados.inf.ufsc.br/detail.php?id=209192", "date": "2023-10-02", "title": "\nAlugo Kitnet Nova com excelente localização a...", "description": "Unidade amora com ar condicionado - 30m2\n\r\nPossui geladeira duplex, fogão, banheiro privativo, pia com armário aéreo, mesa com duas cadeiras, cama box casal e armário 3 portas no quarto.\n\r\nNão é permitido animais ou fumar no local. Está incluso no aluguel: água, luz, internet wi-fi, iptu, taxa de coleta de lixo.\n\r\nEntrada no portão via TAG.\n\r\nContrato de 12 meses, permitido a morada apenas para estudantes no local.\n\r\nContatos pelo telefone (48)98401-5179 Gabriel", "general_details": {"Vendido por:": "Daniela Felicio", "Email:": "Contatar Vendedor"}, "advertisement_details": {"Logradouro, nº": "José Félix Vieira, 109B", "Bairro": "Pantanal", "Cidade": "Florianópolis", "Preço": "1380", "Água, cond. e IPTU inclusos?": "Sim", "Lavanderia disponível?": "Sim", "Conexão c/Internet?": "Sim", "Permitido animais?": "Não", "Anúncio nº:": "209192", "Visualizações:": "407", "Anúncio expira:": "17/10/2023 (em 6 dias)", "Adicionado:": "02/10/2023"}}
{"category": "Aptos Ofertados pelo Proprietário para Aluguel", "link": "https://classificados.inf.ufsc.br/detail.php?id=209191", "date": "2023-10-02", "title": "\nAlugo apartamento de um quarto", "description": "Alugo apartamento de um quarto, com ou sem mobilia.\r\nPara uma pessoa R$ 1.300,00.\r\nPrédio com 10 apartamentos, portão eletrônico e vaga de estacionamento para moradores.\r\nContrato direto com o proprietário.\r\nTratar: Silvio (48) 99972-0347.\n", "general_details": {"Vendido por:": "Lucas Santos de Oliveira", "Email:": "Contatar Vendedor"}, "advertisement_details": {"Logradouro, nº": "Servidão Joaquim Manoel Machado,08", "Complemento": "Nas proximidades do nº 1080, Rua Sebastião L. da Silva.", "Bairro": "Córrego Grande", "Cidade": "Flrorianópolis", "Preço": "1.300,00", "Água, cond. e IPTU inclusos?": "sim", "Lavanderia disponível?": "Pode ser instalado maquina de lavar", "Conexão c/Internet?": "wifi no prédio, posso liberar a senha.", "Permitido animais?": "Não", "Anúncio nº:": "209191", "Visualizações:": "241", "Anúncio expira:": "01/11/2023 (em 21 dias)", "Adicionado:": "02/10/2023"}}
{"category": "Outras Coisas para Quartos", "link": "https://classificados.inf.ufsc.br/detail.php?id=209188", "date": "2023-10-02", "title": "\nMesa lateral com três gavetas (gaveteiro)", "description": "MDP, Tok&Stok, ligeiramente empoeirada e com leves marcas.", "general_details": {"Vendido por:": "Roger Icaro Teodoro Krieger", "Email:": "Contatar Vendedor"}, "advertisement_details": {"Preço": "150,00", "Anúncio nº:": "209188", "Visualizações:": "35", "Anúncio expira:": "01/11/2023 (em 21 dias)", "Adicionado:": "02/10/2023"}}
{"category": " Acessórios Pessoais (Óculos, Relógios, Pulseiras, etc)", "link": "https://classificados.inf.ufsc.br/detail.php?id=209187", "date": "2023-10-02", "title": "\nSmartwatch Amazfit Bip U (relógio inteligente)", "description": "Com pulseira adicional.\n\r\nhttps://www.amazon.com.br/dp/B07N5G1Z8H/ref=olp-opf-redir?aod=1&ie=UTF8&condition=new&creative=380345&creativeASIN=B07N5G1Z8H&linkCode=asm&tag=zoom059-20&ascsubtag=6b7199addddf46d0b7ecf6dfdb3d6878", "general_details": {"Vendido por:": "Roger Icaro Teodoro Krieger", "Email:": "Contatar Vendedor"}, "advertisement_details": {"Preço": "300,00", "Anúncio nº:": "209187", "Visualizações:": "22", "Anúncio expira:": "01/11/2023 (em 21 dias)", "Adicionado:": "02/10/2023"}}
{"category": " Telefones Celulares e Acessórios", "link": "https://classificados.inf.ufsc.br/detail.php?id=209186", "date": "2023-10-02", "title": "\nAirbud Blackview 7 (fone de ouvido sem fio)", "description": "Carregador com pequenas marcas de uso.\n\r\nhttps://store.blackview.hk/products/airbuds7-wireless-charging-earbuds", "general_details": {"Vendido por:": "Roger Icaro Teodoro Krieger", "Email:": "Contatar Vendedor"}, "advertisement_details": {"Preço": "200,00", "Anúncio nº:": "209186", "Visualizações:": "22", "Anúncio expira:": "01/11/2023 (em 21 dias)", "Adicionado:": "02/10/2023"}}
{"category": "Aptos Ofertados pelo Proprietário para Aluguel", "link": "https://classificados.inf.ufsc.br/detail.php?id=209180", "date": "2023-10-02", "title": "\nApto 1 Dorm. à 5 min. à pé da UFSC", "description": "Todo mobiliado - Não é morro - Não tem garagem\r\nCOPA/COZINHA - fogão/ geladeira/ mesa p/4 pessoas/ pia/\r\n               microondas/ armário da pia e suspenso.\r\nDORMITÓRIO - cama casal/ armário tipo embutido em angelin\r\nINST.SANITÁRIA E BANHEIRO - completo/ box em vidro\r\nTERRAÇO/LAVAND. - máquina de lavar/ tanque/ varal susp\r\n          não atendemos pelo e.mail\r\nCONTATO - Pedro (48) 98412.0128 whattsap ou ligar\r\nVALORES - p/1 pessoa : 1.400.00 + taxa de energia 150.00.   p/2 pessoas: 1.550.00 + 150.00(energia fixa)\r\n          o demais tudo incluso : agua, condomínio, \r\n          internet, iptu.\r\n          Favor solicitar fotos ou visitar pessoalm/e  \n", "general_details": {"Vendido por:": "Natan Vinícius Zeferino", "Email:": "Contatar Vendedor"}, "advertisement_details": {"Logradouro, nº": "entrando na Serv. Corintios, é na Serv. Manoel Sebastião dos Santos n.28", "Complemento": "térreo - não é morro", "Bairro": "Pantanal", "Cidade": "Florianópolis", "Preço": "1.400.00 + 150.00 tx luz", "Água, cond. e IPTU inclusos?": "água, IPTU, condomínio, internet, inclusos.", "Lavanderia disponível?": "sim, no terraço.", "Conexão c/Internet?": "sim - Wifi", "Permitido animais?": "à combinar.", "Anúncio nº:": "209180", "Visualizações:": "369", "Anúncio expira:": "01/11/2023 (em 21 dias)", "Adicionado:": "02/10/2023"}}
