{"category": "Outras Coisas para Quartos", "link": "https://classificados.inf.ufsc.br/detail.php?id=208379", "date": "2023-08-11", "title": "\nRoupa de cama e banho", "description": "Cortinas, edredon, cobertor, roupa de cama e banho, etc\r\nA partir de R$5", "general_details": {"Vendido por:": "Ana Mabel Ortiz", "Email:": "Contatar Vendedor"}, "advertisement_details": {"Preço": "5", "Anúncio nº:": "208379", "Visualizações:": "316", "Anúncio expira:": "09/11/2023 (em 29 dias)", "Adicionado:": "11/08/2023"}}
{"category": "Outras Coisas para Cozinha", "link": "https://classificados.inf.ufsc.br/detail.php?id=208378", "date": "2023-08-11", "title": "\nLouças, talheres, copos, tuperware, panelas", "description": "Louças, panelas, copos, talheres. Consulte !\r\nA partir de R$ 5", "general_details": {"Vendido por:": "Ana Mabel Ortiz", "Email:": "Contatar Vendedor"}, "advertisement_details": {"Preço": "5", "Anúncio nº:": "208378", "Visualizações:": "275", "Anúncio expira:": "09/11/2023 (em 29 dias)", "Adicionado:": "11/08/2023"}}
{"category": " Roupas", "link": "https://classificados.inf.ufsc.br/detail.php?id=208377", "date": "2023-08-11", "title": "\nLote camisetas NOVAS unisex", "description": "Lote 22 camisetas manga curta de algodão. Cor preto com estampas frente e verso. NOVAS. Tamanhos vários. Valor lote R$ 265 (sai a razão de R$ 12 cada)", "general_details": {"Vendido por:": "Ana Mabel Ortiz", "Email:": "Contatar Vendedor"}, "advertisement_details": {"Preço": "12", "Anúncio nº:": "208377", "Visualizações:": "103", "Anúncio expira:": "09/11/2023 (em 29 dias)", "Adicionado:": "11/08/2023"}}
{"category": " Roupas", "link": "https://classificados.inf.ufsc.br/detail.php?id=208376", "date": "2023-08-11", "title": "\nCamiseta algodão estampada NOVA", "description": "Camiseta algodão estampada NOVA. Unissex. Branca.\r\nTamanho GG\r\nPosso entregar na UFSC", "general_details": {"Vendido por:": "Ana Mabel Ortiz", "Email:": "Contatar Vendedor"}, "advertisement_details": {"Preço": "25", "Anúncio nº:": "208376", "Visualizações:": "69", "Anúncio expira:": "09/11/2023 (em 29 dias)", "Adicionado:": "11/08/2023"}}
{"category": " Roupas", "link": "https://classificados.inf.ufsc.br/detail.php?id=208375", "date": "2023-08-11", "title": "\nJalecos brancos ", "description": "Jalecos brancos manga curta em bom estado. R$ 40 cada um", "general_details": {"Vendido por:": "Ana Mabel Ortiz", "Email:": "Contatar Vendedor"}, "advertisement_details": {"Preço": "40", "Anúncio nº:": "208375", "Visualizações:": "47", "Anúncio expira:": "09/11/2023 (em 29 dias)", "Adicionado:": "11/08/2023"}}
{"category": "Outras Coisas para Quartos", "link": "https://classificados.inf.ufsc.br/detail.php?id=208374", "date": "2023-08-11", "title": "\nJogo de Cortinas novas", "description": "Cortinas 2 folhas. Novas. Industria Argentina. Algodão. Ótimo acabamento. Cores firmes, azul com detalhes listrados", "general_details": {"Vendido por:": "Ana Mabel Ortiz", "Email:": "Contatar Vendedor"}, "advertisement_details": {"Preço": "110", "Anúncio nº:": "208374", "Visualizações:": "167", "Anúncio expira:": "09/11/2023 (em 29 dias)", "Adicionado:": "11/08/2023"}}
{"category": "Eletrodomésticos em Geral", "link": "https://classificados.inf.ufsc.br/detail.php?id=208373", "date": "2023-08-11", "title": "\nLiquidificador Walita ", "description": "Liquidificador Walita Comfort . Funcionando. 220 V. Abertura exclusiva da tampa para derramar líquidos aos poucos ou fazer maionese com consistência perfeita. R$ 80 - Pode adicionar na compra uma sanduicheira e um espremedor funcionando por mais R$ 50 ", "general_details": {"Vendido por:": "Ana Mabel Ortiz", "Email:": "Contatar Vendedor"}, "advertisement_details": {"Preço": "80", "Anúncio nº:": "208373", "Visualizações:": "148", "Anúncio expira:": "09/11/2023 (em 29 dias)", "Adicionado:": "11/08/2023"}}
{"category": "Outras Coisas para Quartos", "link": "https://classificados.inf.ufsc.br/detail.php?id=208372", "date": "2023-08-11", "title": "\n3 Edredons Pluma de Ganso", "description": "3 Edredons de Pluma de Ganso Natural de Fabricação Suiça-\r\n2 de 1,60 x 2,10. Marca Oertle Textil AG -\r\n1 de 1,40 x 1,70 . Marca Müller Imhoof- \r\nCada um R$ 400 ou 3 por 1.100", "general_details": {"Vendido por:": "Ana Mabel Ortiz", "Email:": "Contatar Vendedor"}, "advertisement_details": {"Preço": "400", "Anúncio nº:": "208372", "Visualizações:": "173", "Anúncio expira:": "09/11/2023 (em 29 dias)", "Adicionado:": "11/08/2023"}}
{"category": "Outras Coisas para Cozinha", "link": "https://classificados.inf.ufsc.br/detail.php?id=208371", "date": "2023-08-11", "title": "\nLiquidificador retro anos 80 funcionando", "description": "Liquidificador Walita Anos 80 Funcionando Completo Raridade\r\n220 V\n", "general_details": {"Vendido por:": "Ana Mabel Ortiz", "Email:": "Contatar Vendedor"}, "advertisement_details": {"Preço": "160", "Anúncio nº:": "208371", "Visualizações:": "149", "Anúncio expira:": "09/11/2023 (em 29 dias)", "Adicionado:": "11/08/2023"}}
{"category": " Camas, Beliches, Colchões e Similares", "link": "https://classificados.inf.ufsc.br/detail.php?id=208370", "date": "2023-08-11", "title": "\nBicama solteiro branca bom estado", "description": "Bicama box solteiro branca Marca Herval. Medidas cama de cima: 188Cx88Lx38Acm. Cama de baixo:169Cx79Lx21Acm. Com pés e rodinhas removíveis em bom estado. R$ 550. Opcional Colchão Marca Herval, branco, medidas 188Cx88Lx22Espesura R$ 250", "general_details": {"Vendido por:": "Ana Mabel Ortiz", "Email:": "Contatar Vendedor"}, "advertisement_details": {"Preço": "550", "Anúncio nº:": "208370", "Visualizações:": "108", "Anúncio expira:": "09/11/2023 (em 29 dias)", "Adicionado:": "11/08/2023"}}
