{"category": " Acessórios Pessoais (Óculos, Relógios, Pulseiras, etc)", "link": "https://classificados.inf.ufsc.br/detail.php?id=209033", "date": "2023-09-19", "title": "\nBrinco Biju Strass", "description": "Brinco nunca usado.\r\nFica lindo para eventos, pois ele se destaca bem.\n\r\nEle é bem grande e pesado.\n\r\nEntrega no Centro - Florianópolis.", "general_details": {"Vendido por:": "Dayane Macedo Medeiros", "Email:": "Contatar Vendedor"}, "advertisement_details": {"Preço": "20,00", "Anúncio nº:": "209033", "Visualizações:": "19", "Anúncio expira:": "19/10/2023 (em 8 dias)", "Adicionado:": "19/09/2023"}}
{"category": " Acessórios Pessoais (Óculos, Relógios, Pulseiras, etc)", "link": "https://classificados.inf.ufsc.br/detail.php?id=209032", "date": "2023-09-19", "title": "\nBrinco Biju Furta-Cor", "description": "Brinco nunca usado.\r\nFica lindo para eventos e independe da cor da roupa, pois ele é furta-cor e acaba puxando para a cor da roupa.\n\r\nEle é grande e um pouco pesado.\n\r\nEntrega no Centro - Florianópolis.", "general_details": {"Vendido por:": "Dayane Macedo Medeiros", "Email:": "Contatar Vendedor"}, "advertisement_details": {"Preço": "30,00", "Anúncio nº:": "209032", "Visualizações:": "17", "Anúncio expira:": "19/10/2023 (em 8 dias)", "Adicionado:": "19/09/2023"}}
{"category": " Calçados", "link": "https://classificados.inf.ufsc.br/detail.php?id=209031", "date": "2023-09-19", "title": "\nSandália bege - 37", "description": "Vendo Sandália Mississipi, pouco usada, em ótimo estado de conservação.\n\r\nTamanho 37\n\r\nEntrego Centro - Florianópolis", "general_details": {"Vendido por:": "Dayane Macedo Medeiros", "Email:": "Contatar Vendedor"}, "advertisement_details": {"Preço": "20,00", "Anúncio nº:": "209031", "Visualizações:": "22", "Anúncio expira:": "19/10/2023 (em 8 dias)", "Adicionado:": "19/09/2023"}}
{"category": "Livros em Geral (Romances, Ficção, etc)", "link": "https://classificados.inf.ufsc.br/detail.php?id=209030", "date": "2023-09-19", "title": "\nLivro Memórias de um Sargento de Milícias", "description": "Vendo livro Memórias de um Sargento de Milícias de Manuel Antônio de Almeida.\n\r\nEm bom estado.\n\r\nEntrego Centro - Florianópolis", "general_details": {"Vendido por:": "Dayane Macedo Medeiros", "Email:": "Contatar Vendedor"}, "advertisement_details": {"Preço": "5,00", "Anúncio nº:": "209030", "Visualizações:": "8", "Anúncio expira:": "19/10/2023 (em 8 dias)", "Adicionado:": "19/09/2023"}}
{"category": "Livros em Geral (Romances, Ficção, etc)", "link": "https://classificados.inf.ufsc.br/detail.php?id=209029", "date": "2023-09-19", "title": "\nLivro Inocência", "description": "Vendo Livro Inocência de Visconde de Taunay.\n\r\nEm bom estado.\n\r\nEntrego no Centro - Florianópolis", "general_details": {"Vendido por:": "Dayane Macedo Medeiros", "Email:": "Contatar Vendedor"}, "advertisement_details": {"Preço": "5,00", "Anúncio nº:": "209029", "Visualizações:": "7", "Anúncio expira:": "19/10/2023 (em 8 dias)", "Adicionado:": "19/09/2023"}}
{"category": "Livros em Geral (Romances, Ficção, etc)", "link": "https://classificados.inf.ufsc.br/detail.php?id=209027", "date": "2023-09-19", "title": "\nBox Marian Keys", "description": "Vendo Box Marian Keys - Edição de Bolso, em bom estado de conservação.\n\r\nContém 03 livros:\n\r\n- Sushi\r\n- Melancia\r\n- Férias\n\r\nLi apenas o Melancia, férias ainda está lacrado com plástico.\n\r\nEntrego Centro - Florianópolis", "general_details": {"Vendido por:": "Dayane Macedo Medeiros", "Email:": "Contatar Vendedor"}, "advertisement_details": {"Preço": "20,00", "Anúncio nº:": "209027", "Visualizações:": "15", "Anúncio expira:": "19/10/2023 (em 8 dias)", "Adicionado:": "19/09/2023"}}
{"category": "Livros em Geral (Romances, Ficção, etc)", "link": "https://classificados.inf.ufsc.br/detail.php?id=209026", "date": "2023-09-19", "title": "\nBox Jane Austen", "description": "Vendo Box Jane Austen em estado de Novo\n\r\nA caixa do Box é de material resistente duro.\n\r\nContém 05 livros:\r\n- Orgulho e Preconceito\r\n- Razão e Sensibilidade\r\n- Emma\r\n- Persuasão\r\n- A abadia de Northanger\n\r\nTodos em estado de novo, li apenas Orgulho e Preconceito.\n\r\nEntrego Centro - Florianópolis", "general_details": {"Vendido por:": "Dayane Macedo Medeiros", "Email:": "Contatar Vendedor"}, "advertisement_details": {"Preço": "80,00", "Anúncio nº:": "209026", "Visualizações:": "14", "Anúncio expira:": "19/10/2023 (em 8 dias)", "Adicionado:": "19/09/2023"}}
{"category": " Camas, Beliches, Colchões e Similares", "link": "https://classificados.inf.ufsc.br/detail.php?id=209022", "date": "2023-09-19", "title": "\nBeliche em madeira branco!", "description": "Beliche branco por R$200,00!\r\nNão acompanha os colchões.\r\nJá está desmontado, pronto para retirar!\n\r\nRetirada APENAS em Canasvieiras. \r\nNão faço entregas!\n\r\nTratar com Natália (48 991 44 6119)", "general_details": {"Vendido por:": "Natália Ordobás Bortolás", "Email:": "nbortolas@gmail.com"}, "advertisement_details": {"Preço": "200,00", "Anúncio nº:": "209022", "Visualizações:": "19", "Anúncio expira:": "19/10/2023 (em 8 dias)", "Adicionado:": "19/09/2023"}}
{"category": "Eletrodomésticos em Geral", "link": "https://classificados.inf.ufsc.br/detail.php?id=209021", "date": "2023-09-19", "title": "\nLAVADORA DE LOUÇAS BRASTEMP EM OTIMO ESTADO", "description": "Lavadora de louças Brastemp 8 serviços ótimo estado, inox", "general_details": {"Vendido por:": "Cristiana de Azevedo Tramonte", "Email:": "cristiana.tramonte@ufsc.br"}, "advertisement_details": {"Preço": "1650,00", "Anúncio nº:": "209021", "Visualizações:": "22", "Anúncio expira:": "19/10/2023 (em 8 dias)", "Adicionado:": "19/09/2023"}}
{"category": " Ofertas de Quartos/Vagas - Carvoeira", "link": "https://classificados.inf.ufsc.br/detail.php?id=209018", "date": "2023-09-19", "title": "\nAlugo quarto individual em apartamento na carvo...", "description": "Quarto conta com ar condicionado, cama de solteiro, armário, cadeira e mesa para estudos.\r\nO banheiro é compartilhado com mais um estudante.\r\nCondomínio e energia não esta inclusos no valor, mas giram em torno de 200 reais por mês.\n\r\nCaso tenha interesse, pode me chamar no wpp: 12 997943205, lá vou enviar mais fotos", "general_details": {"Vendido por:": "Arthur Henrique Ballejo", "Email:": "Contatar Vendedor"}, "advertisement_details": {"Logradouro, nº": "R. Frontino Manoel Geremias, 65", "Bairro": "Carvoeira", "Cidade": "Florianopolis", "Gênero": "Masculino, Feminino", "Preço": "1100", "Água, cond. e IPTU inclusos?": "nao", "Lavanderia disponível?": "sim", "Conexão c/Internet?": "sim", "Permitido animais?": "nao", "Anúncio nº:": "209018", "Visualizações:": "390", "Anúncio expira:": "19/10/2023 (em 8 dias)", "Adicionado:": "19/09/2023"}}
{"category": " Aparelhos para Jogos Eletrônicos e Acessórios ", "link": "https://classificados.inf.ufsc.br/detail.php?id=209015", "date": "2023-09-19", "title": "\nXbox One S All Digital 1TB com 7 jogos (Usado)", "description": "Xbox One S All Digital 1TB usado, em ótimo estado e nenhum defeito.\n\r\nVersão all digital, não aceita Cd's.\n\r\nCom todos os cabos originais.\n\r\nCom os seguintes jogos:\r\n- Cities Skylines\r\n- Fifa 20\r\n- F1 2020\r\n- F1 Manager 2022\r\n- GTA V\r\n- Civilization VI\r\n- Stardew Valley\n\r\nAcompanha a caixa original.\n\r\nNão acompanha o controle.\n\r\nVendo controle usado por R$200 separado.\n\r\nEntrar em contato pelo Whatsapp 48991155026 ou email pppfcardoso@gmail.com.", "general_details": {"Vendido por:": "Pedro Paulo Fernandes Cardoso", "Email:": "Contatar Vendedor"}, "advertisement_details": {"Preço": "1700", "Anúncio nº:": "209015", "Visualizações:": "36", "Anúncio expira:": "19/10/2023 (em 8 dias)", "Adicionado:": "19/09/2023"}}
