{"category": "Outras Coisas para Cozinha", "link": "https://classificados.inf.ufsc.br/detail.php?id=209264", "date": "2023-10-16", "title": "\nBotijão de gás vazio", "description": "Vendo botijão de gás por motivo de mudança.\n\r\nFrete por conta do comprador. Retirar no bairro Ipiranga em São José \n\r\nContato whats: 48 999795944  Mychelle", "general_details": {"Vendido por:": "Mychelle Carneiro Santana Graeff Campoli", "Email:": "myss.santana@gmail.com"}, "advertisement_details": {"Preço": "200,00", "Anúncio nº:": "209264", "Visualizações:": "8", "Anúncio expira:": "15/11/2023 (em 26 dias)", "Adicionado:": "16/10/2023"}}
{"category": "Kitnets ofertadas pelo proprietário para Aluguel", "link": "https://classificados.inf.ufsc.br/detail.php?id=209263", "date": "2023-10-16", "title": "\nApto de 1D (pçs separ.) e garagem, a 400mts me...", "description": "Ótimo apto (101) de 01 dormitório, peças separadas e com vaga de garagem. Uma excelente opção de moradia ao lado da UFSC, na Alamandas Studios.\r\nComposta por apartamentos de 1 dormitório, com peças separadas e Studios, com ambientes integrados, todos novos, mobiliados e com ar condicionado, a Alamandas Studios oferece conforto e segurança para quem procura um novo endereço, sendo um local perfeito para quem quer tranquilidade e ao mesmo tempo, estar perto de toda a infraestrutura urbana, de comércio e de serviços.\r\n* apto 101 de 1 dormitório (peças separadas)\r\n* vaga de garagem\r\n* ar condicionado\r\n* local tranquilo e seguro, região nobre do bairro\r\n* totalmente mobiliado\r\n* eletrodomésticos novos, geladeira, micro ondas, fogão\r\n* cama box de casal de ótima qualidade\r\n* amplo banheiro, box em vidro temperado, ducha eletrônica\r\n* energia e água individuais, você só paga aquilo que consumir\r\n* sem cobrança extra de condomínio\r\n* sem cobrança de IPTU\r\n* internet banda larga FREE\n\r\nValor do Aluguel R$ 1.650,00 mensais.\r\nInteressou? Entre em contato através do (48) 98802-6507 com Carlos Eduardo e agende sua visita!!!!\n\r\n**Contratos anuais mediante depósito caução. Não é permitido fumar nem manter animais de estimação nas dependências do condomínio, bem como nos apartamentos.", "general_details": {"Vendido por:": "Larissa Marcelli Silveira Vigo", "Email:": "larissamarcelli@gmail.com"}, "advertisement_details": {"Bairro": "Carvoeira", "Cidade": "Florianópolis", "Preço": "R$ 1.650,00", "Água, cond. e IPTU inclusos?": "Condo e iptu inclusos", "Conexão c/Internet?": "Wifi Cortesia", "Permitido animais?": "Não", "Anúncio nº:": "209263", "Visualizações:": "42", "Anúncio expira:": "31/10/2023 (em 11 dias)", "Adicionado:": "16/10/2023"}}
{"category": "Aptos Ofertados pelo Proprietário para Aluguel", "link": "https://classificados.inf.ufsc.br/detail.php?id=209262", "date": "2023-10-16", "title": "\nAp. de 1D (pçs separ.) e garagem, a 400mts met...", "description": "Ótimo apto (101) de 01 dormitório, peças separadas e com vaga de garagem. Uma excelente opção de moradia ao lado da UFSC, na Alamandas Studios.\r\nComposta por apartamentos de 1 dormitório, com peças separadas e Studios, com ambientes integrados, todos novos, mobiliados e com ar condicionado, a Alamandas Studios oferece conforto e segurança para quem procura um novo endereço, sendo um local perfeito para quem quer tranquilidade e ao mesmo tempo, estar perto de toda a infraestrutura urbana, de comércio e de serviços.\r\n* apto 101 de 1 dormitório (peças separadas)\r\n* vaga de garagem\r\n* ar condicionado\r\n* local tranquilo e seguro, região nobre do bairro\r\n* totalmente mobiliado\r\n* eletrodomésticos novos, geladeira, micro ondas, fogão\r\n* cama box de casal de ótima qualidade\r\n* amplo banheiro, box em vidro temperado, ducha eletrônica\r\n* energia e água individuais, você só paga aquilo que consumir\r\n* sem cobrança extra de condomínio\r\n* sem cobrança de IPTU\r\n* internet banda larga FREE\n\r\nValor do Aluguel R$ 1.650,00 mensais.\r\nInteressou? Entre em contato através do (48) 98802-6507 com Carlos Eduardo e agende sua visita!!!!\n\r\n**Contratos anuais mediante depósito caução. Não é permitido fumar nem manter animais de estimação nas dependências do condomínio, bem como nos apartamentos.", "general_details": {"Vendido por:": "Larissa Marcelli Silveira Vigo", "Email:": "larissamarcelli@gmail.com"}, "advertisement_details": {"Bairro": "Carvoeira", "Cidade": "Florianópolis", "Preço": "R$ 1.650,00", "Água, cond. e IPTU inclusos?": "Condo e iptu inclusos", "Conexão c/Internet?": "Wifi Cortesia", "Permitido animais?": "Não", "Anúncio nº:": "209262", "Visualizações:": "20", "Anúncio expira:": "31/10/2023 (em 11 dias)", "Adicionado:": "16/10/2023"}}
{"category": " Ofertas de Quartos/Vagas - Carvoeira", "link": "https://classificados.inf.ufsc.br/detail.php?id=209261", "date": "2023-10-16", "title": "\nQuarto UFSC", "description": "Quarto Feminino\n\r\nO maior Coliving de Florianópolis está com vagas Abertas!!!!\n\r\nQuer aproveitar a vida estudantil ou estar num ambiente tranquilo e confortável nas horas vagas do trabalho?\n\r\nNosso coliving é o lugar ideal para você.\r\nSempre prezamos pela boa convivência e organização, nossa casa conta com cozinha toda equipada, churrasqueira, sala de tv, sala de estudos, área de lazer e pessoas super simpáticas e bacanas.\n\r\nNuma localização perfeita para você, 5 minutos andando da UFSC, 20 do vila romana, e fácil acesso ao centro.\n\r\nO mais bacana, no aluguel de 650$ está incluso agua, luz, internet, gás de cozinha e produtos de limpeza e a casa é toda mobiliada!\n\r\nMe chame e marque uma visita.\r\n(51) 997464748", "general_details": {"Vendido por:": "Matheus Miguel Guimarães", "Email:": "Contatar Vendedor"}, "advertisement_details": {"Logradouro, nº": "Avenida Julio D'acia Barreto", "Complemento": "Casa", "Bairro": "Carvoeira", "Cidade": "Florianopolis", "Gênero": "Feminino", "Preço": "650", "Água, cond. e IPTU inclusos?": "Sim", "Lavanderia disponível?": "Sim", "Conexão c/Internet?": "Sim", "Permitido animais?": "Sim", "Anúncio nº:": "209261", "Visualizações:": "23", "Anúncio expira:": "31/10/2023 (em 11 dias)", "Adicionado:": "16/10/2023"}}
