{"category": " Notebooks, Laptops e Acessórios", "link": "https://classificados.inf.ufsc.br/detail.php?id=208594", "date": "2023-08-23", "title": "\nNotebook Lenovo Ideapad 310", "description": "Vendo notebook Lenovo modelo Ideapad 310, processador Intel Core I3, 4GB RAM, em funcionamento, formatado e com nova memória 240 MB SSD que o deixou mais rápido. Uso desde 2017, poucos sinais de uso, venda devido a compra de novo notebook. Acompanha carregador original do notebook.", "general_details": {"Vendido por:": "Eduardo Micoski Luz", "Email:": "Contatar Vendedor"}, "advertisement_details": {"Preço": "1390,00", "Anúncio nº:": "208594", "Visualizações:": "112", "Anúncio expira:": "22/10/2023 (em 11 dias)", "Adicionado:": "23/08/2023"}}
{"category": "Kitnets ofertadas pelo proprietário para Aluguel", "link": "https://classificados.inf.ufsc.br/detail.php?id=208593", "date": "2023-08-23", "title": "\nalugo quitinete", "description": "Alugo quitinete tipo apartamento, quarto. cozinha e banheiro, MOBILIADA. Casa de alvenaria, com portão de controle de entrada e saída de pessoas. Ambiente familiar.\r\nMaiores informações com Patrícia: \r\nWhats Zap- 48-88439260\r\nFotos via Zap", "general_details": {"Vendido por:": "Laura Martendal", "Email:": "Contatar Vendedor"}, "advertisement_details": {"Logradouro, nº": "rua radialista carlos alberto campos,", "Complemento": "casa", "Bairro": "trindade", "Cidade": "florianopolis", "Preço": "1000,00", "Água, cond. e IPTU inclusos?": "sim", "Lavanderia disponível?": "sim", "Conexão c/Internet?": "sim", "Permitido animais?": "não", "Anúncio nº:": "208593", "Visualizações:": "864", "Anúncio expira:": "22/10/2023 (em 11 dias)", "Adicionado:": "23/08/2023"}}
